week,mode,demand_latent,demand_low_band,demand_high_band,waitlist_in,capacity_plates,plates_fulfilled,lost_demand,waitlist_out,followers_or_reach_proxy,mom_cook_hours,help_hours,throughput_pph,ch_pickup,ch_live,ch_doordash,ch_overnight,ch_local_delivery,ch_plate_club,ch_happy_hour_half,ch_rewards,rev_pickup,rev_live,rev_doordash,rev_overnight,rev_local_delivery,rev_plate_club,rev_happy_hour,rev_rewards,rev_drinks,rev_platform_monetize,revenue_total,cogs_food_pack,cogs_dd_bonus,cogs_drinks,fees_dd_commission,fees_payment,fulfill_drive,fulfill_uline_bom,opex_ads,opex_gas_permits_ins_phone,opex_hire_cash,opex_rent_utils,hh_spin_cost,club_members,SUMMARY_net_cash,SUMMARY_net_after_mom,cum_cash,lease_gate_met,notes
1,mobile,30.11,25.98,48.4,0.0,141.9,30,0.0,0.0,2446,15.0,0.0,11.0,13,4,3,3,4,0,1,2,260.0,80.0,78.0,255.0,128.0,0.0,10.0,10.0,0.0,4.06,825.06,118.5,2.25,0.0,19.5,16.57,39.8,230.31,28.61,95.0,0.0,0.0,0.56,0.21,273.95,-26.05,273.95,0,Start; logistic ramp; NO 50-plate hard cap
2,mobile,34.77,28.95,57.11,0.0,145.37,35,0.0,0.0,2735,15.22,0.0,11.08,15,4,4,3,4,0,2,3,300.0,80.0,104.0,255.0,128.0,0.0,20.0,15.0,0.0,4.7,906.7,138.25,3.0,0.0,26.0,17.95,39.8,230.31,29.17,95.0,0.0,0.0,1.12,0.45,326.1,21.65,600.05,0,mid-path deterministic
3,mobile,40.08,32.22,67.21,0.0,148.89,40,0.0,0.0,3058,15.44,0.0,11.17,17,5,4,3,5,1,2,3,340.0,100.0,104.0,255.0,160.0,10.0,20.0,15.0,0.0,5.44,1009.44,158.0,3.0,0.0,26.0,20.0,49.75,230.31,29.81,95.0,0.0,0.0,1.12,0.72,396.45,87.56,996.5,0,mid-path deterministic
4,mobile,46.11,35.8,78.86,0.0,152.46,46,0.0,0.0,3419,15.67,0.0,11.25,19,5,5,4,6,1,2,4,380.0,100.0,130.0,340.0,192.0,10.0,20.0,20.0,0.0,6.29,1198.29,181.7,3.75,0.0,32.5,24.05,59.7,307.08,30.53,95.0,0.0,0.0,1.12,1.03,462.86,149.52,1459.35,0,mid-path deterministic
5,mobile,52.94,39.72,92.2,0.0,156.06,53,0.0,0.0,3823,15.89,0.0,11.33,22,6,6,5,7,1,2,4,440.0,120.0,156.0,425.0,224.0,10.0,20.0,20.0,0.0,7.26,1422.26,209.35,4.5,0.0,39.0,28.48,69.65,383.85,31.35,95.0,0.0,0.0,1.12,1.38,559.96,242.18,2019.32,0,FIRST week latent demand exceeds old 50-plate marketing cap
6,mobile,60.62,43.99,107.38,0.0,159.72,61,0.0,0.0,4273,16.11,0.0,11.42,25,7,7,5,8,1,3,5,500.0,140.0,182.0,425.0,256.0,10.0,30.0,25.0,0.0,8.37,1576.37,240.95,5.25,0.0,45.5,31.15,79.6,383.85,32.27,95.0,0.0,0.0,1.68,1.78,661.12,338.89,2680.43,0,mid-path deterministic
7,mobile,69.22,48.62,124.5,0.0,163.41,69,0.0,0.0,4772,16.33,0.0,11.5,28,8,8,6,9,2,3,5,560.0,160.0,208.0,510.0,288.0,20.0,30.0,25.0,0.0,9.64,1810.64,272.55,6.0,0.0,52.0,35.83,89.55,460.62,33.31,95.0,0.0,0.0,1.68,2.23,764.11,437.44,3444.54,0,mid-path deterministic
8,mobile,78.79,53.63,143.63,0.0,167.16,79,0.0,0.0,5322,16.56,0.0,11.58,32,9,9,7,10,2,4,6,640.0,180.0,234.0,595.0,320.0,20.0,40.0,30.0,0.0,11.07,2070.07,312.05,6.75,0.0,58.5,41.13,99.5,537.39,34.45,95.0,0.0,0.0,2.24,2.74,883.06,551.95,4327.6,0,mid-path deterministic
9,mobile,89.37,59.03,164.78,0.0,170.95,89,0.0,0.0,5927,16.78,0.0,11.67,35,10,11,8,11,3,4,7,700.0,200.0,286.0,680.0,352.0,30.0,40.0,35.0,0.0,12.68,2335.68,351.55,8.25,0.0,71.5,45.92,109.45,614.16,35.72,95.0,0.0,0.0,2.24,3.3,1001.88,666.32,5329.48,0,mid-path deterministic
10,mobile,101.0,64.81,187.88,0.0,174.78,101,0.0,0.0,6586,17.0,0.0,11.75,40,11,12,9,13,3,5,8,800.0,220.0,312.0,765.0,416.0,30.0,50.0,40.0,0.0,14.49,2647.49,398.95,9.0,0.0,78.0,52.53,129.35,690.93,37.12,95.0,0.0,0.0,2.8,3.94,1153.82,813.82,6483.3,0,mid-path deterministic
11,mobile,113.65,70.98,212.81,0.0,178.66,114,0.0,0.0,7301,17.22,0.0,11.83,44,12,14,10,15,4,6,9,880.0,240.0,364.0,850.0,480.0,40.0,60.0,45.0,0.0,16.5,2975.5,450.3,10.5,0.0,91.0,58.88,149.25,767.7,38.64,95.0,0.0,0.0,3.36,4.66,1310.88,966.43,7794.18,0,mid-path deterministic
12,mobile,127.32,77.53,239.32,0.0,182.59,127,0.0,0.0,8070,17.44,0.0,11.92,49,14,16,11,16,5,6,10,980.0,280.0,416.0,935.0,512.0,50.0,60.0,50.0,0.0,18.72,3301.72,501.65,12.0,0.0,104.0,64.67,159.2,844.47,40.28,95.0,0.0,0.0,3.36,5.46,1477.09,1128.2,9271.26,0,mid-path deterministic
13,mobile,141.93,84.43,267.12,0.0,186.56,142,0.0,0.0,8890,17.67,0.0,12.0,54,15,18,13,18,6,7,11,1080.0,300.0,468.0,1105.0,576.0,60.0,70.0,55.0,0.0,21.16,3735.16,560.9,13.5,0.0,117.0,73.65,179.1,998.01,42.03,95.0,0.0,0.0,3.92,6.34,1652.05,1298.72,10923.31,0,mid-path deterministic
14,mobile,157.4,91.67,295.83,0.0,260.0,157,0.0,0.0,9755,17.89,12.0,12.08,59,17,20,14,20,6,8,13,1180.0,340.0,520.0,1190.0,640.0,60.0,80.0,65.0,0.0,23.8,4098.8,620.15,15.0,0.0,130.0,80.38,199.0,1074.78,43.89,95.0,240.0,0.0,4.48,7.32,1596.13,1238.35,12519.44,0,mid-path deterministic
15,mobile,173.61,99.22,325.0,0.0,260.0,174,0.0,0.0,10659,18.11,12.0,12.17,65,18,23,16,22,7,9,14,1300.0,360.0,598.0,1360.0,704.0,70.0,90.0,70.0,0.0,26.65,4578.65,687.3,17.25,0.0,149.5,89.85,218.9,1228.32,45.83,95.0,240.0,0.0,5.04,8.39,1801.66,1439.43,14321.09,0,mid-path deterministic
16,mobile,190.4,107.03,354.17,0.0,260.0,190,0.0,0.0,11595,18.33,12.0,12.25,71,19,25,17,25,8,10,15,1420.0,380.0,650.0,1445.0,800.0,80.0,100.0,75.0,0.0,29.68,4979.68,750.5,18.75,0.0,162.5,98.0,248.75,1305.09,47.85,95.0,240.0,0.0,5.6,9.55,2007.64,1640.98,16328.74,0,mid-path deterministic
17,mobile,207.6,115.07,382.88,0.0,260.0,208,0.0,0.0,12552,18.56,12.0,12.33,76,21,28,19,27,9,11,17,1520.0,420.0,728.0,1615.0,864.0,90.0,110.0,85.0,0.0,32.89,5464.89,821.6,21.0,0.0,182.0,107.1,268.65,1458.63,49.91,95.0,240.0,0.0,6.16,10.81,2214.84,1843.73,18543.57,0,mid-path deterministic
18,mobile,225.0,123.28,410.68,0.0,260.0,225,0.0,0.0,13520,18.78,12.0,12.42,82,22,31,20,30,10,12,18,1640.0,440.0,806.0,1700.0,960.0,100.0,120.0,90.0,0.0,36.23,5892.23,888.75,23.25,0.0,201.5,115.25,298.5,1535.4,52.0,95.0,240.0,0.0,6.72,12.17,2435.86,2060.3,20979.43,0,mid-path deterministic
19,mobile,242.4,131.61,437.19,0.0,260.0,242,0.0,0.0,14488,19.0,12.0,12.5,87,24,33,22,32,12,13,19,1740.0,480.0,858.0,1870.0,1024.0,120.0,130.0,95.0,0.0,39.7,6356.7,955.9,24.75,0.0,214.5,124.48,318.4,1688.94,54.09,95.0,240.0,0.0,7.28,13.62,2633.37,2253.37,23612.8,0,mid-path deterministic
20,mobile,259.6,140.0,462.12,0.0,260.0,260,0.0,0.0,15445,19.22,12.0,12.58,93,25,36,24,34,13,14,21,1860.0,500.0,936.0,2040.0,1088.0,130.0,140.0,105.0,0.0,43.25,6842.25,1027.0,27.0,0.0,234.0,134.08,338.3,1842.48,56.15,95.0,240.0,0.0,7.84,15.17,2840.4,2455.96,26453.2,0,mid-path deterministic
21,mobile,276.39,148.39,485.22,0.0,260.0,260,16.39,6.56,16381,19.44,12.0,12.67,92,25,36,24,34,14,14,21,1840.0,500.0,936.0,2040.0,1088.0,140.0,140.0,105.0,0.0,46.85,6835.85,1027.0,27.0,0.0,234.0,133.83,338.3,1842.48,58.17,95.0,240.0,0.0,7.84,16.69,2832.24,2443.35,29285.44,0,Capacity bind: lost≈16 plates (waitlist spill 7)
22,mobile,292.6,156.72,506.37,6.56,260.0,260,39.15,15.66,17285,19.67,12.0,12.75,91,24,37,23,34,15,15,21,1820.0,480.0,962.0,1955.0,1088.0,150.0,150.0,105.0,0.0,50.47,6760.47,1027.0,27.75,0.0,240.5,131.7,338.3,1765.71,60.11,95.0,240.0,0.0,8.4,18.17,2826.0,2432.66,32111.44,0,Capacity bind: lost≈39 plates (waitlist spill 16)
23,mobile,308.07,164.93,525.5,15.66,260.0,260,63.73,25.49,18150,19.89,12.0,12.83,89,24,37,23,34,17,15,21,1780.0,480.0,962.0,1955.0,1088.0,170.0,150.0,105.0,0.0,54.09,6744.09,1027.0,27.75,0.0,240.5,131.2,338.3,1765.71,61.97,95.0,240.0,0.0,8.4,19.63,2808.26,2410.48,34919.7,0,Capacity bind: lost≈64 plates (waitlist spill 25)
24,mobile,322.68,172.97,542.62,25.49,260.0,260,88.18,35.27,18970,20.11,12.0,12.92,89,23,37,23,34,18,15,21,1780.0,460.0,962.0,1955.0,1088.0,180.0,150.0,105.0,0.0,57.67,6737.67,1027.0,27.75,0.0,240.5,131.45,338.3,1765.71,63.72,95.0,240.0,0.0,8.4,21.06,2799.84,2397.62,37719.54,0,Capacity bind: lost≈88 plates (waitlist spill 35)
25,mobile,336.35,180.78,557.8,35.27,260.0,260,111.62,44.65,19739,20.33,12.0,13.0,87,23,38,23,34,19,15,21,1740.0,460.0,988.0,1955.0,1088.0,190.0,150.0,105.0,0.0,61.19,6737.19,1027.0,28.5,0.0,247.0,130.7,338.3,1765.71,65.36,95.0,240.0,0.0,8.4,22.46,2791.22,2384.55,40510.76,0,Capacity bind: lost≈112 plates (waitlist spill 45)
26,mobile,349.0,188.33,571.14,44.65,260.0,260,133.65,53.46,20454,20.56,12.0,13.08,86,23,38,23,34,20,15,21,1720.0,460.0,988.0,1955.0,1088.0,200.0,150.0,105.0,0.0,64.63,6730.63,1027.0,28.5,0.0,247.0,130.45,338.3,1765.71,66.88,95.0,240.0,0.0,8.4,23.83,2783.39,2372.28,43294.15,0,Capacity bind: lost≈134 plates (waitlist spill 53)
27,mobile,360.63,195.57,582.79,53.46,260.0,260,154.09,61.63,21113,20.78,12.0,13.17,85,22,38,23,34,21,16,21,1700.0,440.0,988.0,1955.0,1088.0,210.0,160.0,105.0,0.0,67.98,6713.98,1027.0,28.5,0.0,247.0,130.45,338.3,1765.71,68.28,95.0,240.0,0.0,8.96,25.17,2764.78,2349.23,46058.93,0,Capacity bind: lost≈154 plates (waitlist spill 62)
28,mobile,371.21,202.47,592.89,61.63,260.0,260,172.85,65.0,21718,21.0,12.0,13.25,84,22,38,23,34,22,16,21,1680.0,440.0,988.0,1955.0,1088.0,220.0,160.0,105.0,136.5,71.23,6843.73,1027.0,28.5,31.2,247.0,133.61,338.3,1765.71,69.55,95.0,240.0,0.0,8.96,26.49,2858.9,2438.9,48917.84,0,Capacity bind: lost≈173 plates (waitlist spill 65); Bottled drinks attach begins
29,mobile,380.78,209.02,601.6,65.0,260.0,260,185.78,65.0,22268,21.22,12.0,13.33,83,21,38,23,34,24,16,21,1660.0,420.0,988.0,1955.0,1088.0,240.0,160.0,105.0,136.5,74.38,6826.88,1027.0,28.5,31.2,247.0,133.61,338.3,1765.71,70.69,95.0,240.0,0.0,8.96,27.78,2840.9,2416.46,51758.74,0,Capacity bind: lost≈186 plates (waitlist spill 65)
30,mobile,389.38,215.19,609.07,65.0,260.0,260,194.38,65.0,22767,21.44,12.0,13.42,82,21,39,23,34,24,16,21,1640.0,420.0,1014.0,1955.0,1088.0,240.0,160.0,105.0,136.5,77.41,6835.91,1027.0,29.25,31.2,253.5,133.11,338.3,1765.71,71.73,95.0,240.0,0.0,8.96,29.04,2842.15,2413.26,54600.89,0,Capacity bind: lost≈194 plates (waitlist spill 65)
31,mobile,397.06,220.97,615.45,65.0,260.0,260,202.06,65.0,23217,21.67,12.0,13.5,81,20,39,23,34,26,16,21,1620.0,400.0,1014.0,1955.0,1088.0,260.0,160.0,105.0,136.5,80.33,6818.83,1027.0,29.25,31.2,253.5,133.11,338.3,1765.71,72.65,95.0,240.0,0.0,8.96,30.28,2824.15,2390.82,57425.04,0,Capacity bind: lost≈202 plates (waitlist spill 65)
32,mobile,403.89,226.37,620.89,65.0,260.0,260,208.89,65.0,23621,21.89,12.0,13.58,80,20,39,23,34,27,16,21,1600.0,400.0,1014.0,1955.0,1088.0,270.0,160.0,105.0,136.5,83.14,6811.64,1027.0,29.25,31.2,253.5,132.86,338.3,1765.71,73.47,95.0,240.0,0.0,8.96,31.5,2816.39,2378.61,60241.43,0,Capacity bind: lost≈209 plates (waitlist spill 65)
33,mobile,409.92,231.38,625.5,65.0,260.0,260,214.92,65.0,23982,22.11,12.0,13.67,79,20,39,23,34,28,16,21,1580.0,400.0,1014.0,1955.0,1088.0,280.0,160.0,105.0,136.5,85.86,6804.36,1027.0,29.25,31.2,253.5,132.61,338.3,1765.71,74.19,95.0,240.0,0.0,8.96,32.69,2808.64,2366.42,63050.07,0,Capacity bind: lost≈215 plates (waitlist spill 65)
34,mobile,415.23,236.01,629.41,65.0,260.0,260,220.23,65.0,24305,22.33,12.0,13.75,78,19,39,23,34,29,17,21,1560.0,380.0,1014.0,1955.0,1088.0,290.0,170.0,105.0,136.5,88.47,6786.97,1027.0,29.25,31.2,253.5,132.61,338.3,1765.71,74.83,95.0,240.0,0.0,9.52,33.85,2790.05,2343.38,65840.12,0,Capacity bind: lost≈220 plates (waitlist spill 65)
35,mobile,419.89,240.28,632.71,65.0,260.0,260,224.89,65.0,24594,22.56,12.0,13.83,77,19,40,23,34,29,17,21,1540.0,380.0,1040.0,1955.0,1088.0,290.0,170.0,105.0,136.5,91.0,6795.5,1027.0,30.0,31.2,260.0,132.11,338.3,1765.71,75.39,95.0,240.0,0.0,9.52,35.0,2791.27,2340.16,68631.39,0,Capacity bind: lost≈225 plates (waitlist spill 65)
36,mobile,423.96,244.2,635.5,65.0,260.0,260,228.96,65.0,24851,22.78,12.0,13.92,76,18,40,23,34,31,17,21,1520.0,360.0,1040.0,1955.0,1088.0,310.0,170.0,105.0,136.5,93.44,6777.94,1027.0,30.0,31.2,260.0,132.11,338.3,1765.71,75.88,95.0,240.0,0.0,9.52,36.12,2773.22,2317.67,71404.61,0,Capacity bind: lost≈229 plates (waitlist spill 65)
37,mobile,427.51,247.78,637.84,65.0,260.0,260,232.51,65.0,25081,23.0,12.0,14.0,75,18,40,23,34,32,17,21,1500.0,360.0,1040.0,1955.0,1088.0,320.0,170.0,105.0,136.5,95.81,6770.31,1027.0,30.0,31.2,260.0,131.86,338.3,1765.71,76.3,95.0,240.0,0.0,9.52,37.21,2765.42,2305.42,74170.03,0,Capacity bind: lost≈233 plates (waitlist spill 65)
38,mobile,430.6,251.05,639.81,65.0,260.0,260,235.6,65.0,25285,23.0,12.0,14.0,74,18,40,23,34,32,18,21,1480.0,360.0,1040.0,1955.0,1088.0,320.0,180.0,105.0,136.5,98.11,6762.61,1027.0,30.0,31.2,260.0,131.61,338.3,1765.71,76.67,95.0,240.0,0.0,10.08,38.29,2757.04,2297.04,76927.06,0,Capacity bind: lost≈236 plates (waitlist spill 65)
39,mobile,433.28,254.02,641.47,65.0,260.0,260,238.28,65.0,25468,23.0,12.0,14.0,73,17,41,23,34,33,18,21,1460.0,340.0,1066.0,1955.0,1088.0,330.0,180.0,105.0,136.5,100.35,6760.85,1027.0,30.75,31.2,266.5,131.36,338.3,1765.71,76.99,95.0,240.0,0.0,10.08,39.34,2747.95,2287.95,79675.02,0,Capacity bind: lost≈238 plates (waitlist spill 65)
40,mobile,435.61,256.71,642.86,65.0,260.0,260,240.61,65.0,25632,23.0,12.0,14.0,72,17,41,23,34,34,18,21,1440.0,340.0,1066.0,1955.0,1088.0,340.0,180.0,105.0,136.5,102.53,6753.03,1027.0,30.75,31.2,266.5,131.11,338.3,1765.71,77.27,95.0,240.0,0.0,10.08,40.38,2740.1,2280.1,82415.12,0,Capacity bind: lost≈241 plates (waitlist spill 65)
41,mobile,437.62,259.15,644.02,65.0,260.0,260,242.62,65.0,25780,23.0,12.0,14.0,71,17,41,23,34,35,18,21,1420.0,340.0,1066.0,1955.0,1088.0,350.0,180.0,105.0,136.5,103.12,6743.62,1027.0,30.75,31.2,266.5,130.86,338.3,1765.71,77.51,95.0,240.0,0.0,10.08,41.39,2730.7,2270.7,85145.83,0,Capacity bind: lost≈243 plates (waitlist spill 65)
42,mobile,439.35,261.35,645.0,65.0,260.0,260,244.35,65.0,25912,23.0,12.0,14.0,71,17,41,22,34,36,18,21,1420.0,340.0,1066.0,1870.0,1088.0,360.0,180.0,105.0,136.5,103.65,6669.15,1027.0,30.75,31.2,266.5,128.99,338.3,1688.94,77.72,95.0,240.0,0.0,10.08,42.38,2734.67,2274.67,87880.5,0,Capacity bind: lost≈244 plates (waitlist spill 65)
43,mobile,440.85,263.33,645.82,65.0,260.0,260,245.85,65.0,26032,23.0,12.0,14.0,71,17,41,22,33,37,18,21,1420.0,340.0,1066.0,1870.0,1056.0,370.0,180.0,105.0,136.5,104.13,6647.63,1027.0,30.75,31.2,266.5,128.44,328.35,1688.94,77.9,95.0,240.0,0.0,10.08,43.35,2723.47,2263.47,90603.97,0,Capacity bind: lost≈246 plates (waitlist spill 65)
44,mobile,442.14,265.12,646.5,65.0,260.0,260,247.14,65.0,26141,23.0,12.0,14.0,70,17,41,22,33,38,18,21,1400.0,340.0,1066.0,1870.0,1056.0,380.0,180.0,105.0,136.5,104.56,6638.06,1027.0,30.75,31.2,266.5,128.19,328.35,1688.94,78.06,95.0,240.0,0.0,10.08,44.31,2714.0,2254.0,93317.96,0,Capacity bind: lost≈247 plates (waitlist spill 65)
45,mobile,443.25,266.72,647.08,65.0,260.0,260,248.25,65.0,26240,23.0,12.0,14.0,70,17,41,22,33,38,18,21,1400.0,340.0,1066.0,1870.0,1056.0,380.0,180.0,105.0,136.5,104.96,6638.46,1027.0,30.75,31.2,266.5,128.19,328.35,1688.94,78.19,95.0,240.0,0.0,10.08,45.24,2714.26,2254.26,96032.22,0,Capacity bind: lost≈248 plates (waitlist spill 65)
46,mobile,444.21,268.16,647.56,65.0,260.0,260,249.21,65.0,26331,23.0,12.0,14.0,70,17,40,22,33,39,18,21,1400.0,340.0,1040.0,1870.0,1056.0,390.0,180.0,105.0,136.5,105.32,6622.82,1027.0,30.0,31.2,260.0,128.44,328.35,1688.94,78.31,95.0,240.0,0.0,10.08,46.16,2705.51,2245.51,98737.73,0,Capacity bind: lost≈249 plates (waitlist spill 65)
47,mobile,445.03,269.45,647.96,65.0,260.0,260,250.03,65.0,26415,23.0,12.0,14.0,70,16,40,22,33,40,18,21,1400.0,320.0,1040.0,1870.0,1056.0,400.0,180.0,105.0,136.5,105.66,6613.16,1027.0,30.0,31.2,260.0,128.69,328.35,1688.94,78.4,95.0,240.0,0.0,10.08,47.05,2695.5,2235.5,101433.23,0,Capacity bind: lost≈250 plates (waitlist spill 65)
48,mobile,445.74,270.6,648.29,65.0,260.0,260,250.74,65.0,26493,23.0,12.0,14.0,69,16,40,22,33,41,18,21,1380.0,320.0,1040.0,1870.0,1056.0,410.0,180.0,105.0,136.5,105.97,6603.47,1027.0,30.0,31.2,260.0,128.44,328.35,1688.94,78.49,95.0,240.0,0.0,10.08,47.93,2685.97,2225.97,104119.2,0,Capacity bind: lost≈251 plates (waitlist spill 65)
49,mobile,446.35,271.63,648.57,65.0,260.0,260,251.35,65.0,26565,23.0,12.0,14.0,69,16,40,22,33,41,18,21,1380.0,320.0,1040.0,1870.0,1056.0,410.0,180.0,105.0,136.5,106.26,6603.76,1027.0,30.0,31.2,260.0,128.44,328.35,1688.94,78.56,95.0,240.0,0.0,10.08,48.79,2686.19,2226.19,106805.39,0,Capacity bind: lost≈251 plates (waitlist spill 65)
50,mobile,446.87,272.55,648.81,65.0,260.0,260,251.87,65.0,26633,23.0,12.0,14.0,69,16,40,22,33,41,18,21,1380.0,320.0,1040.0,1870.0,1056.0,410.0,180.0,105.0,136.5,106.53,6604.03,1027.0,30.0,31.2,260.0,128.44,328.35,1688.94,78.62,95.0,240.0,0.0,10.08,49.64,2686.4,2226.4,109491.79,0,Capacity bind: lost≈252 plates (waitlist spill 65)
51,mobile,447.31,273.38,649.0,65.0,260.0,260,252.31,65.0,26697,23.0,12.0,14.0,69,16,40,22,33,41,18,21,1380.0,320.0,1040.0,1870.0,1056.0,410.0,180.0,105.0,136.5,106.79,6604.29,1027.0,30.0,31.2,260.0,128.44,328.35,1688.94,78.68,95.0,240.0,0.0,10.08,50.46,2686.6,2226.6,112178.4,0,Capacity bind: lost≈252 plates (waitlist spill 65)
52,mobile,447.7,274.11,649.17,65.0,260.0,260,252.7,65.0,26757,23.0,12.0,14.0,69,16,40,22,33,41,18,21,1380.0,320.0,1040.0,1870.0,1056.0,410.0,180.0,105.0,136.5,107.03,6604.53,1027.0,30.0,31.2,260.0,128.44,328.35,1688.94,78.72,95.0,240.0,0.0,10.08,51.27,2686.8,2226.8,114865.2,0,Capacity bind: lost≈253 plates (waitlist spill 65)
1,mobile,30.11,25.98,48.4,0.0,141.9,30,0.0,0.0,2446,15.0,0.0,11.0,13,4,3,3,4,0,1,2,260.0,80.0,78.0,255.0,128.0,0.0,10.0,10.0,0.0,4.06,825.06,118.5,2.25,0.0,19.5,16.57,39.8,230.31,28.61,95.0,0.0,0.0,0.56,0.21,273.95,-26.05,273.95,0,Start; logistic ramp; NO 50-plate hard cap
2,mobile,34.77,28.95,57.11,0.0,145.37,35,0.0,0.0,2735,15.22,0.0,11.08,15,4,4,3,4,0,2,3,300.0,80.0,104.0,255.0,128.0,0.0,20.0,15.0,0.0,4.7,906.7,138.25,3.0,0.0,26.0,17.95,39.8,230.31,29.17,95.0,0.0,0.0,1.12,0.45,326.1,21.65,600.05,0,mid-path deterministic
3,mobile,40.08,32.22,67.21,0.0,148.89,40,0.0,0.0,3058,15.44,0.0,11.17,17,5,4,3,5,1,2,3,340.0,100.0,104.0,255.0,160.0,10.0,20.0,15.0,0.0,5.44,1009.44,158.0,3.0,0.0,26.0,20.0,49.75,230.31,29.81,95.0,0.0,0.0,1.12,0.72,396.45,87.56,996.5,0,mid-path deterministic
4,mobile,46.11,35.8,78.86,0.0,152.46,46,0.0,0.0,3419,15.67,0.0,11.25,19,5,5,4,6,1,2,4,380.0,100.0,130.0,340.0,192.0,10.0,20.0,20.0,0.0,6.29,1198.29,181.7,3.75,0.0,32.5,24.05,59.7,307.08,30.53,95.0,0.0,0.0,1.12,1.03,462.86,149.52,1459.35,0,mid-path deterministic
5,mobile,52.94,39.72,92.2,0.0,156.06,53,0.0,0.0,3823,15.89,0.0,11.33,22,6,6,5,7,1,2,4,440.0,120.0,156.0,425.0,224.0,10.0,20.0,20.0,0.0,7.26,1422.26,209.35,4.5,0.0,39.0,28.48,69.65,383.85,31.35,95.0,0.0,0.0,1.12,1.38,559.96,242.18,2019.32,0,FIRST week latent demand exceeds old 50-plate marketing cap
6,mobile,60.62,43.99,107.38,0.0,159.72,61,0.0,0.0,4273,16.11,0.0,11.42,25,7,7,5,8,1,3,5,500.0,140.0,182.0,425.0,256.0,10.0,30.0,25.0,0.0,8.37,1576.37,240.95,5.25,0.0,45.5,31.15,79.6,383.85,32.27,95.0,0.0,0.0,1.68,1.78,661.12,338.89,2680.43,0,mid-path deterministic
7,mobile,69.22,48.62,124.5,0.0,163.41,69,0.0,0.0,4772,16.33,0.0,11.5,28,8,8,6,9,2,3,5,560.0,160.0,208.0,510.0,288.0,20.0,30.0,25.0,0.0,9.64,1810.64,272.55,6.0,0.0,52.0,35.83,89.55,460.62,33.31,95.0,0.0,0.0,1.68,2.23,764.11,437.44,3444.54,0,mid-path deterministic
8,mobile,78.79,53.63,143.63,0.0,167.16,79,0.0,0.0,5322,16.56,0.0,11.58,32,9,9,7,10,2,4,6,640.0,180.0,234.0,595.0,320.0,20.0,40.0,30.0,0.0,11.07,2070.07,312.05,6.75,0.0,58.5,41.13,99.5,537.39,34.45,95.0,0.0,0.0,2.24,2.74,883.06,551.95,4327.6,0,mid-path deterministic
9,mobile,89.37,59.03,164.78,0.0,170.95,89,0.0,0.0,5927,16.78,0.0,11.67,35,10,11,8,11,3,4,7,700.0,200.0,286.0,680.0,352.0,30.0,40.0,35.0,0.0,12.68,2335.68,351.55,8.25,0.0,71.5,45.92,109.45,614.16,35.72,95.0,0.0,0.0,2.24,3.3,1001.88,666.32,5329.48,0,mid-path deterministic
10,mobile,101.0,64.81,187.88,0.0,174.78,101,0.0,0.0,6586,17.0,0.0,11.75,40,11,12,9,13,3,5,8,800.0,220.0,312.0,765.0,416.0,30.0,50.0,40.0,0.0,14.49,2647.49,398.95,9.0,0.0,78.0,52.53,129.35,690.93,37.12,95.0,0.0,0.0,2.8,3.94,1153.82,813.82,6483.3,0,mid-path deterministic
11,mobile,113.65,70.98,212.81,0.0,178.66,114,0.0,0.0,7301,17.22,0.0,11.83,44,12,14,10,15,4,6,9,880.0,240.0,364.0,850.0,480.0,40.0,60.0,45.0,0.0,16.5,2975.5,450.3,10.5,0.0,91.0,58.88,149.25,767.7,38.64,95.0,0.0,0.0,3.36,4.66,1310.88,966.43,7794.18,0,mid-path deterministic
12,mobile,127.32,77.53,239.32,0.0,182.59,127,0.0,0.0,8070,17.44,0.0,11.92,49,14,16,11,16,5,6,10,980.0,280.0,416.0,935.0,512.0,50.0,60.0,50.0,0.0,18.72,3301.72,501.65,12.0,0.0,104.0,64.67,159.2,844.47,40.28,95.0,0.0,0.0,3.36,5.46,1477.09,1128.2,9271.26,0,mid-path deterministic
13,mobile,141.93,84.43,267.12,0.0,186.56,142,0.0,0.0,8890,17.67,0.0,12.0,54,15,18,13,18,6,7,11,1080.0,300.0,468.0,1105.0,576.0,60.0,70.0,55.0,0.0,21.16,3735.16,560.9,13.5,0.0,117.0,73.65,179.1,998.01,42.03,95.0,0.0,0.0,3.92,6.34,1652.05,1298.72,10923.31,0,mid-path deterministic
14,mobile,157.4,91.67,295.83,0.0,260.0,157,0.0,0.0,9755,17.89,12.0,12.08,59,17,20,14,20,6,8,13,1180.0,340.0,520.0,1190.0,640.0,60.0,80.0,65.0,0.0,23.8,4098.8,620.15,15.0,0.0,130.0,80.38,199.0,1074.78,43.89,95.0,240.0,0.0,4.48,7.32,1596.13,1238.35,12519.44,0,mid-path deterministic
15,mobile,173.61,99.22,325.0,0.0,260.0,174,0.0,0.0,10659,18.11,12.0,12.17,65,18,23,16,22,7,9,14,1300.0,360.0,598.0,1360.0,704.0,70.0,90.0,70.0,0.0,26.65,4578.65,687.3,17.25,0.0,149.5,89.85,218.9,1228.32,45.83,95.0,240.0,0.0,5.04,8.39,1801.66,1439.43,14321.09,0,mid-path deterministic
16,mobile,190.4,107.03,354.17,0.0,260.0,190,0.0,0.0,11595,18.33,12.0,12.25,71,19,25,17,25,8,10,15,1420.0,380.0,650.0,1445.0,800.0,80.0,100.0,75.0,0.0,29.68,4979.68,750.5,18.75,0.0,162.5,98.0,248.75,1305.09,47.85,95.0,240.0,0.0,5.6,9.55,2007.64,1640.98,16328.74,0,mid-path deterministic
17,mobile,207.6,115.07,382.88,0.0,260.0,208,0.0,0.0,12552,18.56,12.0,12.33,76,21,28,19,27,9,11,17,1520.0,420.0,728.0,1615.0,864.0,90.0,110.0,85.0,0.0,32.89,5464.89,821.6,21.0,0.0,182.0,107.1,268.65,1458.63,49.91,95.0,240.0,0.0,6.16,10.81,2214.84,1843.73,18543.57,0,mid-path deterministic
18,mobile,225.0,123.28,410.68,0.0,260.0,225,0.0,0.0,13520,18.78,12.0,12.42,82,22,31,20,30,10,12,18,1640.0,440.0,806.0,1700.0,960.0,100.0,120.0,90.0,0.0,36.23,5892.23,888.75,23.25,0.0,201.5,115.25,298.5,1535.4,52.0,95.0,240.0,0.0,6.72,12.17,2435.86,2060.3,20979.43,0,mid-path deterministic
19,mobile,242.4,131.61,437.19,0.0,260.0,242,0.0,0.0,14488,19.0,12.0,12.5,87,24,33,22,32,12,13,19,1740.0,480.0,858.0,1870.0,1024.0,120.0,130.0,95.0,0.0,39.7,6356.7,955.9,24.75,0.0,214.5,124.48,318.4,1688.94,54.09,95.0,240.0,0.0,7.28,13.62,2633.37,2253.37,23612.8,0,mid-path deterministic
20,mobile,259.6,140.0,462.12,0.0,260.0,260,0.0,0.0,15445,19.22,12.0,12.58,93,25,36,24,34,13,14,21,1860.0,500.0,936.0,2040.0,1088.0,130.0,140.0,105.0,0.0,43.25,6842.25,1027.0,27.0,0.0,234.0,134.08,338.3,1842.48,56.15,95.0,240.0,0.0,7.84,15.17,2840.4,2455.96,26453.2,0,mid-path deterministic
21,mobile,276.39,148.39,485.22,0.0,260.0,260,16.39,6.56,16381,19.44,12.0,12.67,92,25,36,24,34,14,14,21,1840.0,500.0,936.0,2040.0,1088.0,140.0,140.0,105.0,0.0,46.85,6835.85,1027.0,27.0,0.0,234.0,133.83,338.3,1842.48,58.17,95.0,240.0,0.0,7.84,16.69,2832.24,2443.35,29285.44,0,Capacity bind: lost≈16 plates (waitlist spill 7)
22,location,292.6,156.72,506.37,6.56,260.0,260,39.15,15.66,17285,28.0,16.0,13.0,89,11,59,16,34,15,15,21,1780.0,220.0,1534.0,1360.0,1088.0,150.0,150.0,105.0,199.5,50.47,6636.97,1040.0,44.25,45.6,383.5,120.81,338.3,1228.32,81.11,115.07,369.52,900.69,8.4,18.17,1961.4,1401.4,31246.84,1,Capacity bind: lost≈39 plates (waitlist spill 16); LEASE GATE MET: demand≥160 for 8wks + cash buffer≥$11700; Switched to fixed location opex/capacity
23,location,308.07,164.93,525.5,15.66,275.71,276,48.02,19.21,18150,28.5,16.86,13.14,94,12,63,16,36,17,16,22,1880.0,240.0,1638.0,1360.0,1152.0,170.0,160.0,110.0,213.5,54.09,6977.59,1104.0,47.25,48.8,409.5,126.14,358.2,1228.32,82.97,115.07,369.52,900.69,8.96,19.74,2178.18,1608.18,33425.02,1,Capacity bind: lost≈48 plates (waitlist spill 19)
24,location,322.68,172.97,542.62,19.21,291.43,291,50.46,20.19,18970,29.0,17.71,13.29,99,12,67,17,38,18,17,23,1980.0,240.0,1742.0,1445.0,1216.0,180.0,170.0,115.0,224.0,57.67,7369.67,1164.0,50.25,51.2,435.5,133.25,378.1,1305.09,84.72,115.07,369.52,900.69,9.52,21.39,2372.76,1792.76,35797.78,1,Capacity bind: lost≈50 plates (waitlist spill 20)
25,location,336.35,180.78,557.8,20.19,307.14,307,49.39,19.76,19739,29.5,18.57,13.43,103,13,71,18,40,20,18,24,2060.0,260.0,1846.0,1530.0,1280.0,200.0,180.0,120.0,238.0,61.19,7775.19,1228.0,53.25,54.4,461.5,140.2,398.0,1381.86,86.36,115.07,369.52,900.69,10.08,23.11,2576.26,1986.26,38374.04,1,Capacity bind: lost≈49 plates (waitlist spill 20)
26,location,349.0,188.33,571.14,19.76,322.86,323,45.9,18.36,20454,30.0,19.43,13.57,108,13,75,19,42,21,19,26,2160.0,260.0,1950.0,1615.0,1344.0,210.0,190.0,130.0,248.5,64.63,8172.13,1292.0,56.25,56.8,487.5,147.44,417.9,1458.63,87.88,115.07,369.52,900.69,10.64,24.91,2771.81,2171.81,41145.85,1,Capacity bind: lost≈46 plates (waitlist spill 18)
27,location,360.63,195.57,582.79,18.36,338.57,339,40.41,16.17,21113,30.5,20.29,13.71,113,14,79,19,44,23,20,27,2260.0,280.0,2054.0,1615.0,1408.0,230.0,200.0,135.0,262.5,67.98,8512.48,1356.0,59.25,60.0,513.5,152.76,437.8,1458.63,89.28,115.07,369.52,900.69,11.2,26.78,2988.79,2378.79,44134.64,1,Capacity bind: lost≈40 plates (waitlist spill 16)
28,location,371.21,202.47,592.89,16.17,354.29,354,33.09,13.24,21718,31.0,21.14,13.86,117,14,83,20,46,25,21,28,2340.0,280.0,2158.0,1700.0,1472.0,250.0,210.0,140.0,273.0,71.23,8894.23,1416.0,62.25,62.4,539.5,159.62,457.7,1535.4,90.55,115.07,369.52,900.69,11.76,28.72,3173.77,2553.77,47308.41,1,Capacity bind: lost≈33 plates (waitlist spill 13)
29,location,380.78,209.02,601.6,13.24,370.0,370,24.02,9.61,22268,31.5,22.0,14.0,121,14,87,21,48,26,23,30,2420.0,280.0,2262.0,1785.0,1536.0,260.0,230.0,150.0,283.5,74.38,9280.88,1480.0,65.25,64.8,565.5,166.61,477.6,1612.17,91.69,115.07,369.52,900.69,12.88,30.74,3359.1,2729.1,50667.51,1,Capacity bind: lost≈24 plates (waitlist spill 10)
30,location,389.38,215.19,609.07,9.61,385.71,386,13.28,5.31,22767,32.0,22.86,14.14,126,15,91,21,50,28,24,31,2520.0,300.0,2366.0,1785.0,1600.0,280.0,240.0,155.0,297.5,77.41,9620.91,1544.0,68.25,68.0,591.5,171.94,497.5,1612.17,92.73,115.07,369.52,900.69,13.44,32.83,3576.11,2936.11,54243.62,1,Capacity bind: lost≈13 plates (waitlist spill 5)
31,location,397.06,220.97,615.45,5.31,401.43,401,0.95,0.38,23217,32.5,23.71,14.29,130,15,95,22,52,30,25,32,2600.0,300.0,2470.0,1870.0,1664.0,300.0,250.0,160.0,308.0,80.33,10002.33,1604.0,71.25,70.4,617.5,178.8,517.4,1688.94,93.65,115.07,369.52,900.69,14.0,34.98,3761.12,3111.12,58004.73,1,mid-path deterministic
32,location,403.89,226.37,620.89,0.38,417.14,404,0.0,0.0,23621,33.0,24.57,14.43,129,15,96,22,53,31,26,32,2580.0,300.0,2496.0,1870.0,1696.0,310.0,260.0,160.0,311.5,83.14,10066.64,1616.0,72.0,71.2,624.0,179.69,527.35,1688.94,94.47,115.07,369.52,900.69,14.56,37.1,3793.16,3133.16,61797.89,1,mid-path deterministic
33,location,409.92,231.38,625.5,0.0,432.86,410,0.0,0.0,23982,33.5,25.43,14.57,130,15,97,22,54,33,26,33,2600.0,300.0,2522.0,1870.0,1728.0,330.0,260.0,165.0,315.0,85.86,10175.86,1640.0,72.75,72.0,630.5,181.7,537.3,1688.94,95.19,115.07,369.52,900.69,14.56,39.23,3857.64,3187.64,65655.54,1,mid-path deterministic
34,location,415.23,236.01,629.41,0.0,448.57,415,0.0,0.0,24305,34.0,26.29,14.71,130,15,99,22,54,35,27,33,2600.0,300.0,2574.0,1870.0,1728.0,350.0,270.0,165.0,318.5,88.47,10263.97,1660.0,74.25,72.8,643.5,182.54,537.3,1688.94,95.83,115.07,369.52,900.69,15.12,41.35,3908.42,3228.42,69563.95,1,mid-path deterministic
35,location,419.89,240.28,632.71,0.0,464.29,420,0.0,0.0,24594,34.5,27.14,14.86,131,15,100,22,54,37,27,34,2620.0,300.0,2600.0,1870.0,1728.0,370.0,270.0,170.0,322.0,91.0,10341.0,1680.0,75.0,73.6,650.0,183.75,537.3,1688.94,96.39,115.07,369.52,900.69,15.12,43.47,3955.63,3265.63,73519.58,1,mid-path deterministic
36,location,423.96,244.2,635.5,0.0,480.0,424,0.0,0.0,24851,35.0,28.0,15.0,131,15,101,22,55,38,28,34,2620.0,300.0,2626.0,1870.0,1760.0,380.0,280.0,170.0,325.5,93.44,10424.94,1696.0,75.75,74.4,656.5,185.14,547.25,1688.94,96.88,115.07,369.52,900.69,15.68,45.56,4003.13,3303.13,77522.71,1,mid-path deterministic
37,location,427.51,247.78,637.84,0.0,480.0,428,0.0,0.0,25081,35.0,28.0,15.0,131,15,102,22,55,40,29,34,2620.0,300.0,2652.0,1870.0,1760.0,400.0,290.0,170.0,329.0,95.81,10486.81,1712.0,76.5,75.2,663.0,185.97,547.25,1688.94,97.3,115.07,369.52,900.69,16.24,47.65,4039.13,3339.13,81561.84,1,mid-path deterministic
38,location,430.6,251.05,639.81,0.0,480.0,431,0.0,0.0,25285,35.0,28.0,15.0,131,15,103,22,55,42,29,34,2620.0,300.0,2678.0,1870.0,1760.0,420.0,290.0,170.0,332.5,98.11,10538.61,1724.0,77.25,76.0,669.5,186.56,547.25,1688.94,97.67,115.07,369.52,900.69,16.24,49.71,4069.92,3369.92,85631.75,1,mid-path deterministic
39,location,433.28,254.02,641.47,0.0,480.0,433,0.0,0.0,25468,35.0,28.0,15.0,130,14,103,21,56,44,30,35,2600.0,280.0,2678.0,1785.0,1792.0,440.0,300.0,175.0,332.5,100.35,10482.85,1732.0,77.25,76.0,669.5,185.61,557.2,1612.17,97.99,115.07,369.52,900.69,16.8,51.75,4073.05,3373.05,89704.8,1,mid-path deterministic
40,location,435.61,256.71,642.86,0.0,480.0,436,0.0,0.0,25632,35.0,28.0,15.0,130,14,104,21,56,46,30,35,2600.0,280.0,2704.0,1785.0,1792.0,460.0,300.0,175.0,336.0,102.53,10534.53,1744.0,78.0,76.8,676.0,186.2,557.2,1612.17,98.27,115.07,369.52,900.69,16.8,53.77,4103.81,3403.81,93808.61,1,mid-path deterministic
41,location,437.62,259.15,644.02,0.0,480.0,438,0.0,0.0,25780,35.0,28.0,15.0,129,14,105,21,56,47,31,35,2580.0,280.0,2730.0,1785.0,1792.0,470.0,310.0,175.0,336.0,103.12,10561.12,1752.0,78.75,76.8,682.5,186.2,557.2,1612.17,98.51,115.07,369.52,900.69,17.36,55.76,4114.35,3414.35,97922.96,1,mid-path deterministic
42,location,439.35,261.35,645.0,0.0,480.0,439,0.0,0.0,25912,35.0,28.0,15.0,129,14,104,21,56,49,31,35,2580.0,280.0,2704.0,1785.0,1792.0,490.0,310.0,175.0,339.5,103.65,10559.15,1756.0,78.0,77.6,676.0,186.79,557.2,1612.17,98.72,115.07,369.52,900.69,17.36,57.72,4114.03,3414.03,102036.99,1,mid-path deterministic
43,location,440.85,263.33,645.82,0.0,480.0,441,0.0,0.0,26032,35.0,28.0,15.0,129,14,104,21,56,51,31,35,2580.0,280.0,2704.0,1785.0,1792.0,510.0,310.0,175.0,339.5,104.13,10579.63,1764.0,78.0,77.6,676.0,187.29,557.2,1612.17,98.9,115.07,369.52,900.69,17.36,59.65,4125.83,3425.83,106162.83,1,mid-path deterministic
44,location,442.14,265.12,646.5,0.0,480.0,442,0.0,0.0,26141,35.0,28.0,15.0,129,14,104,21,56,52,31,35,2580.0,280.0,2704.0,1785.0,1792.0,520.0,310.0,175.0,339.5,104.56,10590.06,1768.0,78.0,77.6,676.0,187.54,557.2,1612.17,99.06,115.07,369.52,900.69,17.36,61.55,4131.86,3431.86,110294.68,1,mid-path deterministic
45,location,443.25,266.72,647.08,0.0,480.0,443,0.0,0.0,26240,35.0,28.0,15.0,128,14,104,21,56,54,31,35,2560.0,280.0,2704.0,1785.0,1792.0,540.0,310.0,175.0,339.5,104.96,10590.46,1772.0,78.0,77.6,676.0,187.54,557.2,1612.17,99.19,115.07,369.52,900.69,17.36,63.42,4128.13,3428.13,114422.81,1,mid-path deterministic
46,location,444.21,268.16,647.56,0.0,480.0,444,0.0,0.0,26331,35.0,28.0,15.0,128,14,104,21,55,55,31,36,2560.0,280.0,2704.0,1785.0,1760.0,550.0,310.0,180.0,343.0,105.32,10577.32,1776.0,78.0,78.4,676.0,187.2,547.25,1612.17,99.31,115.07,369.52,900.69,17.36,65.26,4120.36,3420.36,118543.17,1,mid-path deterministic
47,location,445.03,269.45,647.96,0.0,480.0,445,0.0,0.0,26415,35.0,28.0,15.0,128,14,104,21,55,57,31,35,2560.0,280.0,2704.0,1785.0,1760.0,570.0,310.0,175.0,343.0,105.66,10592.66,1780.0,78.0,78.4,676.0,187.58,547.25,1612.17,99.4,115.07,369.52,900.69,17.36,67.07,4131.22,3431.22,122674.39,1,mid-path deterministic
48,location,445.74,270.6,648.29,0.0,480.0,446,0.0,0.0,26493,35.0,28.0,15.0,128,14,103,21,55,58,31,36,2560.0,280.0,2678.0,1785.0,1760.0,580.0,310.0,180.0,343.0,105.97,10581.97,1784.0,77.25,78.4,669.5,187.95,547.25,1612.17,99.49,115.07,369.52,900.69,17.36,68.85,4123.32,3423.32,126797.72,1,mid-path deterministic
49,location,446.35,271.63,648.57,0.0,480.0,446,0.0,0.0,26565,35.0,28.0,15.0,127,14,103,20,55,60,31,36,2540.0,280.0,2678.0,1700.0,1760.0,600.0,310.0,180.0,343.0,106.26,10497.26,1784.0,77.25,78.4,669.5,185.83,547.25,1535.4,99.56,115.07,369.52,900.69,17.36,70.59,4117.44,3417.44,130915.15,1,mid-path deterministic
50,location,446.87,272.55,648.81,0.0,480.0,447,0.0,0.0,26633,35.0,28.0,15.0,127,14,103,20,55,61,31,36,2540.0,280.0,2678.0,1700.0,1760.0,610.0,310.0,180.0,343.0,106.53,10507.53,1788.0,77.25,78.4,669.5,186.08,547.25,1535.4,99.62,115.07,369.52,900.69,17.36,72.31,4123.39,3423.39,135038.55,1,mid-path deterministic
51,location,447.31,273.38,649.0,0.0,480.0,447,0.0,0.0,26697,35.0,28.0,15.0,126,14,102,20,55,63,31,36,2520.0,280.0,2652.0,1700.0,1760.0,630.0,310.0,180.0,343.0,106.79,10481.79,1788.0,76.5,78.4,663.0,186.08,547.25,1535.4,99.68,115.07,369.52,900.69,17.36,73.99,4104.85,3404.85,139143.4,1,mid-path deterministic
52,location,447.7,274.11,649.17,0.0,480.0,448,0.0,0.0,26757,35.0,28.0,15.0,126,14,102,20,55,64,31,36,2520.0,280.0,2652.0,1700.0,1760.0,640.0,310.0,180.0,346.5,107.03,10495.53,1792.0,76.5,79.2,663.0,186.41,547.25,1535.4,99.72,115.07,369.52,900.69,17.36,75.65,4113.41,3413.41,143256.8,1,mid-path deterministic
SUMMARY_month_1,mobile,38.9,,,,147.8,168.5,0.0,,,,,,,,,,,,,,,,,,,,,,,,,,,,,,,,,,,,,,1644.15,312.6,,,Mobile-only path · SUMMARY_month_1 ≈4.33 wks from week 1. Illustrative. NOT financial advice.
SUMMARY_month_1,location_path,38.9,,,,147.8,168.5,0.0,,,,,,,,,,,,,,,,,,,,,,,,,,,,,,,,,,,,,,1644.15,312.6,,,Lease-when-gated path · SUMMARY_month_1. Illustrative. NOT financial advice.
SUMMARY_month_3,mobile,110.4,,,,177.5,477.9,0.0,,,,,,,,,,,,,,,,,,,,,,,,,,,,,,,,,,,,,,5488.85,4003.35,,,Mobile-only path · SUMMARY_month_3 ≈4.33 wks from week 9. Illustrative. NOT financial advice.
SUMMARY_month_3,location_path,110.4,,,,177.5,477.9,0.0,,,,,,,,,,,,,,,,,,,,,,,,,,,,,,,,,,,,,,5488.85,4003.35,,,Lease-when-gated path · SUMMARY_month_3. Illustrative. NOT financial advice.
SUMMARY_month_6,mobile,331.4,,,,260.0,1125.8,448.0,,,,,,,,,,,,,,,,,,,,,,,,,,,,,,,,,,,,,,12095.09,10340.18,,,Mobile-only path · SUMMARY_month_6 ≈4.33 wks from week 23. Illustrative. NOT financial advice.
SUMMARY_month_6,location_path,331.4,,,,302.3,1308.9,207.1,,,,,,,,,,,,,,,,,,,,,,,,,,,,,,,,,,,,,,10885.31,8344.01,,,Lease-when-gated path · SUMMARY_month_6. Illustrative. NOT financial advice.
SUMMARY_month_12,mobile,447.1,,,,260.0,1040,1008.2,,,,,,,,,,,,,,,,,,,,,,,,,,,,,,,,,,,,,,10745.99,8905.99,,,Mobile-only path · SUMMARY_month_12 ≈4.33 wks from week 49. Illustrative. NOT financial advice.
SUMMARY_month_12,location_path,447.1,,,,480.0,1788,0.0,,,,,,,,,,,,,,,,,,,,,,,,,,,,,,,,,,,,,,16459.09,13659.09,,,Lease-when-gated path · SUMMARY_month_12. Illustrative. NOT financial advice.
SUMMARY_cross_demand_gt_50,both,52.94,,,,,5,,,,,,,,,,,,,,,,,,,,,,,,,,,,,,,,,,,,,,,,,,,"First week latent demand > old marketing 50-cap: week 5. 50 was flyer scarcity, not physical limit."
SUMMARY_lease_gate_week,location_path,,,,,,22,,,,,,,,,,,,,,,,,,,,,,,,,,,,,,,,,,,,,,,,,31246.84,1,Lease week=22 when demand≥160 for 8 wks AND cum cash≥$11700 (3 mo rent+utils). 
SUMMARY_crossover_location_beats_mobile,compare,,,,,,27,,,,,,,,,,,,,,,,,,,,,,,,,,,,,,,,,,,,,,,2988.79,,,,Week 27: location-path weekly cash net first exceeds mobile-only. NOT financial advice.
SUMMARY_saturation_K,mid,450.0,,,,260.0,260,,,,,,,,,,,,,,,,,,,,,,,,,,,,,,,,,,,,,,,,,,,"Logistic K_mid=450.0 plates/wk latent saturation; r=0.155, t0=18.0. Week-52 mobile capacity=260.0, fulfilled=260, lost=252.7. Low K=280.0 / High K=650.0 bands in weekly columns."
SUMMARY_peak_capacity_bind_mobile,mobile,447.7,,,,260.0,52,252.7,,,,,,,,,,,,,,,,,,,,,,,,,,,,,,,,,,,,,,,,,,"Peak mobile capacity bind week 52: latent=447.7, cap=260.0, lost=252.7."
