week,mode,demand_latent,demand_low_band,demand_high_band,waitlist_in,capacity_plates,plates_fulfilled,lost_demand,waitlist_out,weekday_plates,weekend_plates,peak_night_orders,service_nights,followers_or_reach_proxy,mom_cook_hours,help_hours,throughput_pph,peak_night_capacity,ch_pickup,ch_live,ch_doordash,ch_grubhub,ch_overnight,ch_local_delivery,ch_plate_club,ch_happy_hour_half,ch_rewards,rev_pickup,rev_live,rev_doordash,rev_grubhub,rev_overnight,rev_local_delivery,rev_plate_club,rev_happy_hour,rev_rewards,rev_drinks,rev_platform_monetize,revenue_total,cogs_chicken,cogs_greens,cogs_sweet_potatoes,cogs_roll,cogs_oil_breading_seasoning,cogs_yield_waste,cogs_food_total,cogs_pack_supplies,cogs_pack_total,cogs_dd_gh_bonus,cogs_drinks,fees_dd_commission,fees_gh_commission,fees_payment,fulfill_drive,fulfill_uline_bom,opex_ads,opex_gas_permits_ins_phone,opex_hire_cash,opex_rent_utils,hh_spin_cost,club_members,SUMMARY_net_cash,SUMMARY_net_after_mom,cum_cash,lease_gate_met,notes
1,mobile,480.0,220.0,720.0,0.0,650,480,0,0.0,216,264,192,7,37620,35.0,50,14.0,210.0,56,38,179,94,24,33,3,19,34,1120.0,760.0,4654.0,2444.0,2040.0,1056.0,30.0,190.0,170.0,0.0,98.75,12562.75,283.2,408.0,336.0,120.0,297.6,331.2,1776.0,211.2,211.2,204.75,0.0,1163.5,659.88,115.15,328.35,1842.48,1200.0,105,1000.0,0,10.64,3.84,3945.8,3245.8,3945.8,0,DROP LAUNCH — Jordan/iPhone front-load; marketplace-heavy; Drop pulse; ads $1200; mkt_share≈57%
2,mobile,422.4,193.6,633.6,0.0,650,422,0,0.0,190,232,169,7,33540,35.0,50,14.0,210.0,50,33,155,82,20,29,6,17,30,1000.0,660.0,4030.0,2132.0,1700.0,928.0,60.0,170.0,150.0,0.0,92.23,10922.23,248.98,358.7,295.4,105.5,261.64,291.18,1561.4,185.68,185.68,177.75,0.0,1007.5,575.64,100.2,288.55,1535.4,900.0,105,1000.0,0,9.52,7.14,3475.59,2775.59,7421.39,0,Drop pulse; ads $900; mkt_share≈56%
3,mobile,336.0,154.0,504.0,0.0,650,336,0,0.0,151,185,134,7,27360,35.0,50,14.0,210.0,40,26,122,64,16,23,8,14,23,800.0,520.0,3172.0,1664.0,1360.0,736.0,80.0,140.0,115.0,0.0,78.66,8665.66,198.24,285.6,235.2,84.0,208.32,231.84,1243.2,147.84,147.84,139.5,0.0,793.0,449.28,80.78,228.85,1228.32,600.0,105,1000.0,0,7.84,9.68,2642.05,1942.05,10063.44,0,Drop pulse; ads $600; mkt_share≈55%
4,mobile,249.6,114.4,374.4,0.0,650,250,0,0.0,112,138,100,7,21180,35.0,50,14.0,210.0,29,19,89,47,12,17,9,11,17,580.0,380.0,2314.0,1222.0,1020.0,544.0,90.0,110.0,85.0,0.0,63.54,6408.54,147.5,212.5,175.0,62.5,155.0,172.5,925.0,110.0,110.0,102.0,0.0,578.5,329.94,60.73,169.15,921.24,400.0,105,1000.0,0,6.16,11.49,1700.82,1000.82,11764.26,0,Drop pulse; ads $400; mkt_share≈54%
5,mobile,250.86,132.9,380.5,0.0,476,251,0,0.0,113,138,100,7,21392,28.0,28,13.0,105.3,30,19,88,46,12,17,11,11,17,600.0,380.0,2288.0,1196.0,1020.0,544.0,110.0,110.0,85.0,0.0,66.85,6399.85,148.09,213.35,175.7,62.75,155.62,173.19,928.7,110.44,110.44,100.5,0.0,572.0,322.92,61.73,169.15,921.24,92.54,105,560.0,0,6.16,13.27,2449.47,1889.47,14213.73,0,Post-drop hype tail; habit floor building; mkt_share≈53%
6,mobile,243.62,130.13,371.38,0.0,476,244,0,0.0,110,134,98,7,20984,28.2,28,13.07,105.91,29,18,84,45,11,17,12,11,17,580.0,360.0,2184.0,1170.0,935.0,544.0,120.0,110.0,85.0,0.0,68.2,6156.2,143.96,207.4,170.8,61.0,151.28,168.36,902.8,107.36,107.36,96.75,0.0,546.0,315.9,59.35,169.15,844.47,92.18,105,560.0,0,6.16,14.96,2351.08,1787.08,16564.81,0,habit+LIVE+marketplace retention; mkt_share≈53%
7,mobile,239.43,128.77,366.73,0.0,476,239,0,0.0,108,131,96,7,20798,28.4,28,13.15,106.52,28,18,82,43,11,16,13,11,17,560.0,360.0,2132.0,1118.0,935.0,512.0,130.0,110.0,85.0,0.0,70.19,6012.19,141.01,203.15,167.3,59.75,148.18,164.91,884.3,105.16,105.16,93.75,0.0,533.0,301.86,58.3,159.2,844.47,91.97,105,560.0,0,6.16,16.57,2269.02,1701.02,18833.82,0,habit+LIVE+marketplace retention; mkt_share≈52%
8,mobile,237.79,128.62,365.72,0.0,476,238,0,0.0,107,131,95,7,20799,28.6,28,13.22,107.12,29,17,80,42,11,16,15,11,17,580.0,340.0,2080.0,1092.0,935.0,512.0,150.0,110.0,85.0,0.0,72.8,5956.8,140.42,202.3,166.6,59.5,147.56,164.22,880.6,104.72,104.72,91.5,0.0,520.0,294.84,59.3,159.2,844.47,91.89,105,560.0,0,6.16,18.14,2239.12,1667.12,21072.95,0,habit+LIVE+marketplace retention; mkt_share≈51%
9,mobile,238.28,129.48,367.66,0.0,476,238,0,0.0,107,131,95,6,20954,28.8,28,13.3,107.73,29,17,79,42,11,16,16,11,17,580.0,340.0,2054.0,1092.0,935.0,512.0,160.0,110.0,85.0,0.0,75.96,5943.96,140.42,202.3,166.6,59.5,147.56,164.22,880.6,104.72,104.72,90.75,0.0,513.5,294.84,59.55,159.2,844.47,91.91,105,560.0,0,6.16,19.68,2233.26,1657.26,23306.2,0,habit+LIVE+marketplace retention; mkt_share≈51%
10,mobile,240.5,131.19,371.92,0.0,476,241,0,0.0,108,133,96,6,21237,29.0,28,13.38,108.34,29,17,80,42,11,17,17,11,17,580.0,340.0,2080.0,1092.0,935.0,544.0,170.0,110.0,85.0,0.0,79.64,6015.64,142.19,204.85,168.7,60.25,149.42,166.29,891.7,106.04,106.04,91.5,0.0,520.0,294.84,60.6,169.15,844.47,92.03,105,560.0,0,6.16,21.22,2274.15,1694.15,25580.36,0,habit+LIVE+marketplace retention; mkt_share≈51%
11,mobile,244.14,133.6,377.94,0.0,476,244,0,0.0,110,134,98,6,21622,29.2,28,13.45,108.94,30,17,80,42,11,17,18,12,17,600.0,340.0,2080.0,1092.0,935.0,544.0,180.0,120.0,85.0,0.0,83.78,6059.78,143.96,207.4,170.8,61.0,151.28,168.36,902.8,107.36,107.36,91.5,0.0,520.0,294.84,61.6,169.15,844.47,92.21,105,560.0,0,6.72,22.74,2304.13,1720.13,27884.49,0,habit+LIVE+marketplace retention; mkt_share≈50%
12,mobile,248.88,136.59,385.24,0.0,476,249,0,0.0,112,137,100,6,22087,29.4,28,13.53,109.55,30,18,81,43,11,18,19,12,17,600.0,360.0,2106.0,1118.0,935.0,576.0,190.0,120.0,85.0,0.0,88.35,6178.35,146.91,211.65,174.3,62.25,154.38,171.81,921.3,109.56,109.56,93.0,0.0,526.5,301.86,62.65,179.1,844.47,92.44,105,560.0,0,6.72,24.28,2375.75,1787.75,30260.24,0,habit+LIVE+marketplace retention; mkt_share≈50%
13,mobile,254.47,140.03,393.4,0.0,444,254,0,0.0,114,140,102,6,22615,29.6,12,13.6,93.84,31,18,82,43,11,18,21,12,18,620.0,360.0,2132.0,1118.0,935.0,576.0,210.0,120.0,90.0,0.0,93.29,6254.29,149.86,215.9,177.8,63.5,157.48,175.26,939.8,111.76,111.76,93.75,0.0,533.0,301.86,63.78,179.1,844.47,92.72,105,240.0,0,6.72,25.83,2742.33,2150.33,33002.56,0,Peak night pressure 102>94; mkt_share≈49%
14,mobile,260.67,143.84,402.1,0.0,444,261,0,0.0,117,144,104,6,23187,29.8,12,13.68,94.36,32,19,83,44,12,18,22,13,18,640.0,380.0,2158.0,1144.0,1020.0,576.0,220.0,130.0,90.0,0.0,98.55,6456.55,153.99,221.85,182.7,65.25,161.82,180.09,965.7,114.84,114.84,95.25,0.0,539.5,308.88,66.9,179.1,921.24,93.03,105,240.0,0,7.28,27.4,2819.83,2223.83,35822.39,0,Peak night pressure 104>94; mkt_share≈49%
15,mobile,267.3,147.93,411.02,0.0,444,267,0,0.0,120,147,107,6,23790,30.0,12,13.75,94.87,33,19,84,44,12,19,23,14,19,660.0,380.0,2184.0,1144.0,1020.0,608.0,230.0,140.0,95.0,0.0,104.08,6565.08,157.53,226.95,186.9,66.75,165.54,184.23,987.9,117.48,117.48,96.0,0.0,546.0,308.88,68.83,189.05,921.24,93.36,105,240.0,0,7.84,28.99,2883.5,2283.5,38705.88,0,Peak night pressure 107>95; mkt_share≈48%
16,mobile,274.17,152.2,419.94,0.0,444,274,0,0.0,123,151,110,6,24412,30.2,12,13.82,95.39,34,19,86,45,12,20,25,14,19,680.0,380.0,2236.0,1170.0,1020.0,640.0,250.0,140.0,95.0,0.0,109.85,6720.85,161.66,232.9,191.8,68.5,169.88,189.06,1013.8,120.56,120.56,98.25,0.0,559.0,315.9,70.63,199.0,921.24,93.71,105,240.0,0,7.84,30.6,2975.92,2371.92,41681.81,0,Peak night pressure 110>95; mkt_share≈48%
17,mobile,281.14,156.6,428.68,0.0,456,281,0,0.0,126,155,112,6,25040,30.4,18,13.9,102.17,35,20,87,46,12,20,26,15,20,700.0,400.0,2262.0,1196.0,1020.0,640.0,260.0,150.0,100.0,0.0,115.81,6843.81,165.79,238.85,196.7,70.25,174.22,193.89,1039.7,123.64,123.64,99.75,0.0,565.5,322.92,71.75,199.0,921.24,94.06,105,360.0,0,8.4,32.24,2932.85,2324.85,44614.66,0,Peak night pressure 112>102; mkt_share≈47%
18,mobile,288.1,161.06,437.1,0.0,456,288,0,0.0,130,158,115,6,25667,30.6,18,13.97,102.72,37,20,89,47,12,21,27,15,20,740.0,400.0,2314.0,1222.0,1020.0,672.0,270.0,150.0,100.0,0.0,121.92,7009.92,169.92,244.8,201.6,72.0,178.56,198.72,1065.6,126.72,126.72,102.0,0.0,578.5,329.94,73.8,208.95,921.24,94.4,105,360.0,0,8.4,33.89,3035.37,2423.37,47650.02,0,Peak night pressure 115>103; mkt_share≈47%
19,mobile,294.94,165.53,445.1,0.0,456,295,0,0.0,133,162,118,6,26286,30.8,18,14.05,103.27,38,20,90,48,13,21,28,16,21,760.0,400.0,2340.0,1248.0,1105.0,672.0,280.0,160.0,105.0,0.0,128.14,7198.14,174.05,250.75,206.5,73.75,182.9,203.55,1091.5,129.8,129.8,103.5,0.0,585.0,336.96,77.05,208.95,998.01,94.75,105,360.0,0,8.96,35.58,3098.66,2482.66,50748.69,0,Peak night pressure 118>103; mkt_share≈47%
20,mobile,301.58,169.97,452.62,0.0,456,302,0,0.0,136,166,119,6,26890,31.0,18,14.12,103.82,39,21,91,48,13,22,30,17,21,780.0,420.0,2366.0,1248.0,1105.0,704.0,300.0,170.0,105.0,189.0,134.45,7521.45,178.18,256.7,211.4,75.5,187.24,208.38,1117.4,132.88,132.88,104.25,43.2,591.5,336.96,83.83,218.9,998.01,95.08,105,360.0,0,9.52,37.28,3324.92,2704.92,54073.61,0,Peak night pressure 119>104; mkt_share≈46%
21,mobile,307.96,174.33,459.61,0.0,456,308,0,0.0,139,169,120,6,27476,31.2,18,14.2,104.37,40,21,92,49,13,23,31,17,22,800.0,420.0,2392.0,1274.0,1105.0,736.0,310.0,170.0,110.0,192.5,137.38,7646.88,181.72,261.8,215.6,77.0,190.96,212.52,1139.6,135.52,135.52,105.75,44.0,598.0,343.98,85.59,228.85,998.01,95.4,105,360.0,0,9.52,39.0,3397.66,2773.66,57471.27,0,Peak night pressure 120>104; mkt_share≈46%
22,mobile,314.05,178.59,466.05,0.0,456,314,0,0.0,141,173,121,6,28039,31.4,18,14.28,104.92,41,22,93,49,13,23,33,18,22,820.0,440.0,2418.0,1274.0,1105.0,736.0,330.0,180.0,110.0,199.5,140.2,7752.7,185.26,266.9,219.8,78.5,194.68,216.66,1161.8,138.16,138.16,106.5,45.6,604.5,343.98,87.01,228.85,998.01,95.7,105,360.0,0,10.08,40.73,3467.51,2839.51,60938.78,0,Peak night pressure 121>105; mkt_share≈45%
23,mobile,319.8,182.71,471.95,0.0,456,320,0,0.0,144,176,121,6,28579,31.6,18,14.35,105.47,42,22,94,50,14,24,34,18,22,840.0,440.0,2444.0,1300.0,1190.0,768.0,340.0,180.0,110.0,203.0,142.89,7957.89,188.8,272.0,224.0,80.0,198.4,220.8,1184.0,140.8,140.8,108.0,46.4,611.0,351.0,90.78,238.8,1074.78,95.99,105,360.0,0,10.08,42.48,3541.26,2909.26,64480.04,0,Peak night pressure 121>105; mkt_share≈45%
24,mobile,325.2,186.69,477.31,0.0,456,325,0,0.0,146,179,122,6,29093,31.8,18,14.43,106.02,43,22,95,50,14,24,35,19,23,860.0,440.0,2470.0,1300.0,1190.0,768.0,350.0,190.0,115.0,203.0,145.46,8031.46,191.75,276.25,227.5,81.25,201.5,224.25,1202.5,143.0,143.0,108.75,46.4,617.5,351.0,91.9,238.8,1074.78,96.26,105,360.0,0,10.64,44.23,3584.93,2948.93,68064.97,0,Peak night pressure 122>106; mkt_share≈45%
25,mobile,330.24,190.5,482.17,0.0,456,330,0,0.0,148,182,123,6,29580,32,18,14.5,106.58,44,22,96,50,14,25,37,19,23,880.0,440.0,2496.0,1300.0,1190.0,800.0,370.0,190.0,115.0,206.5,147.9,8135.4,194.7,280.5,231.0,82.5,204.6,227.7,1221.0,145.2,145.2,109.5,47.2,624.0,351.0,93.79,248.75,1074.78,96.51,105,360.0,0,10.64,45.98,3648.03,3008.03,71712.99,0,Peak night pressure 123>107; mkt_share≈44%
26,mobile,334.92,194.13,486.54,0.0,456,335,0,0.0,151,184,123,6,30041,32,18,14.5,106.58,45,23,96,51,14,25,38,20,23,900.0,460.0,2496.0,1326.0,1190.0,800.0,380.0,200.0,115.0,210.0,150.21,8227.21,197.65,284.75,234.5,83.75,207.7,231.15,1239.5,147.4,147.4,110.25,48.0,624.0,358.02,94.87,248.75,1074.78,96.75,105,360.0,0,11.2,47.74,3708.69,3068.69,75421.69,0,Peak night pressure 123>107; mkt_share≈44%
27,mobile,339.25,197.58,490.46,0.0,456,339,0,0.0,153,186,123,6,30477,32,18,14.5,106.58,45,23,96,51,14,26,40,20,24,900.0,460.0,2496.0,1326.0,1190.0,832.0,400.0,200.0,120.0,213.5,152.38,8289.88,200.01,288.15,237.3,84.75,210.18,233.91,1254.3,149.16,149.16,110.25,48.8,624.0,358.02,96.39,258.7,1074.78,96.96,105,360.0,0,11.2,49.5,3742.32,3102.32,79164.01,0,Peak night pressure 123>107; mkt_share≈43%
28,mobile,343.22,200.84,493.96,0.0,456,343,0,0.0,154,189,123,6,30887,32,18,14.5,106.58,46,23,97,51,14,26,41,21,24,920.0,460.0,2522.0,1326.0,1190.0,832.0,410.0,210.0,120.0,217.0,154.43,8361.43,202.37,291.55,240.1,85.75,212.66,236.67,1269.1,150.92,150.92,111.0,49.6,630.5,358.02,97.48,258.7,1074.78,97.16,105,360.0,0,11.76,51.25,3787.41,3147.41,82951.42,0,Peak night pressure 123>107; mkt_share≈43%
29,mobile,346.87,203.9,497.08,0.0,456,347,0,0.0,156,191,123,6,31272,32,18,14.5,106.58,46,23,98,52,15,26,42,21,24,920.0,460.0,2548.0,1352.0,1275.0,832.0,420.0,210.0,120.0,217.0,156.36,8510.36,204.73,294.95,242.9,86.75,215.14,239.43,1283.9,152.68,152.68,112.5,49.6,637.0,365.04,99.85,258.7,1151.55,97.34,105,360.0,0,11.76,53.01,3825.44,3185.44,86776.85,0,Peak night pressure 123>107; mkt_share≈43%
30,mobile,350.2,206.78,499.85,0.0,456,350,0,0.0,157,193,123,6,31635,32,18,14.5,106.58,46,23,99,52,14,26,44,21,25,920.0,460.0,2574.0,1352.0,1190.0,832.0,440.0,210.0,125.0,220.5,158.18,8481.68,206.5,297.5,245.0,87.5,217.0,241.5,1295.0,154.0,154.0,113.25,50.4,643.5,365.04,98.44,258.7,1074.78,97.51,105,360.0,0,11.76,54.75,3854.3,3214.3,90631.15,0,Peak night pressure 123>107; mkt_share≈43%
31,mobile,353.23,209.47,502.31,0.0,456,353,0,0.0,159,194,123,6,31976,32,18,14.5,106.58,47,23,99,52,15,26,45,21,25,940.0,460.0,2574.0,1352.0,1275.0,832.0,450.0,210.0,125.0,224.0,159.88,8601.88,208.27,300.05,247.1,88.25,218.86,243.57,1306.1,155.32,155.32,113.25,51.2,643.5,365.04,101.4,258.7,1151.55,97.66,105,360.0,0,11.76,56.47,3881.4,3241.4,94512.55,0,Peak night pressure 123>107; mkt_share≈43%
32,mobile,355.98,211.98,504.48,0.0,456,356,0,0.0,160,196,123,6,32297,32,18,14.5,106.58,47,23,99,53,15,26,47,21,25,940.0,460.0,2574.0,1378.0,1275.0,832.0,470.0,210.0,125.0,224.0,161.48,8649.48,210.04,302.6,249.2,89.0,220.72,245.64,1317.2,156.64,156.64,114.0,51.2,643.5,372.06,101.9,258.7,1151.55,97.8,105,360.0,0,11.76,58.19,3908.17,3268.17,98420.72,0,Peak night pressure 123>107; mkt_share≈43%
33,mobile,358.47,214.32,506.4,0.0,456,358,0,0.0,161,197,123,6,32599,32,18,14.5,106.58,47,23,100,53,15,26,48,21,25,940.0,460.0,2600.0,1378.0,1275.0,832.0,480.0,210.0,125.0,224.0,162.99,8686.99,211.22,304.3,250.6,89.5,221.96,247.02,1324.6,157.52,157.52,114.75,51.2,650.0,372.06,102.15,258.7,1151.55,97.92,105,360.0,0,11.76,59.89,3929.78,3289.78,102350.5,0,Peak night pressure 123>107; mkt_share≈43%
34,mobile,360.73,216.48,508.09,0.0,456,361,0,0.0,162,199,123,6,32883,32,18,14.5,106.58,47,24,100,53,15,26,49,22,25,940.0,480.0,2600.0,1378.0,1275.0,832.0,490.0,220.0,125.0,227.5,164.42,8731.92,212.99,306.85,252.7,90.25,223.82,249.09,1335.7,158.84,158.84,114.75,52.0,650.0,372.06,102.74,258.7,1151.55,98.04,105,360.0,0,12.32,61.58,3960.22,3320.22,106310.72,0,Peak night pressure 123>107; mkt_share≈42%
35,mobile,362.76,218.49,509.57,0.0,456,363,0,0.0,163,200,123,6,33151,32,18,14.5,106.58,47,24,100,53,15,26,51,22,25,940.0,480.0,2600.0,1378.0,1275.0,832.0,510.0,220.0,125.0,227.5,165.76,8753.26,214.17,308.55,254.1,90.75,225.06,250.47,1343.1,159.72,159.72,114.75,52.0,650.0,372.06,103.24,258.7,1151.55,98.14,105,360.0,0,12.32,63.26,3972.68,3332.68,110283.4,0,Peak night pressure 123>107; mkt_share≈42%
36,mobile,364.59,220.34,510.88,0.0,456,365,0,0.0,164,201,123,6,33405,32,18,14.5,106.58,47,24,101,53,15,27,51,22,25,940.0,480.0,2626.0,1378.0,1275.0,864.0,510.0,220.0,125.0,231.0,167.02,8816.02,215.35,310.25,255.5,91.25,226.3,251.85,1350.5,160.6,160.6,115.5,52.8,656.5,372.06,104.12,268.65,1151.55,98.23,105,360.0,0,12.32,64.91,4008.19,3368.19,114291.59,0,Peak night pressure 123>107; mkt_share≈42%
37,mobile,366.24,222.05,512.02,0.0,456,366,0,0.0,165,201,123,6,33645,32,18,14.5,106.58,47,24,101,53,15,27,51,22,26,940.0,480.0,2626.0,1378.0,1275.0,864.0,510.0,220.0,130.0,231.0,168.22,8822.22,215.94,311.1,256.2,91.5,226.92,252.54,1354.2,161.04,161.04,115.5,52.8,656.5,372.06,104.25,268.65,1151.55,98.31,105,360.0,0,12.32,66.54,4010.04,3370.04,118301.63,0,Peak night pressure 123>107; mkt_share≈42%
38,mobile,367.72,223.62,513.03,0.0,456,368,0,0.0,166,202,123,6,33873,32,18,14.5,106.58,48,24,101,54,15,27,51,22,26,960.0,480.0,2626.0,1404.0,1275.0,864.0,510.0,220.0,130.0,231.0,169.36,8869.36,217.12,312.8,257.6,92.0,228.16,253.92,1361.6,161.92,161.92,116.25,52.8,656.5,379.08,104.75,268.65,1151.55,98.39,105,360.0,0,12.32,68.15,4040.55,3400.55,122342.19,0,Peak night pressure 123>107; mkt_share≈42%
39,mobile,369.05,225.07,513.91,0.0,456,369,0,0.0,166,203,123,6,34090,32,18,14.5,106.58,48,24,102,54,15,27,51,22,26,960.0,480.0,2652.0,1404.0,1275.0,864.0,510.0,220.0,130.0,231.0,170.45,8896.45,217.71,313.65,258.3,92.25,228.78,254.61,1365.3,162.36,162.36,117.0,52.8,663.0,379.08,104.75,268.65,1151.55,98.45,105,360.0,0,12.32,69.74,4056.19,3416.19,126398.37,0,Peak night pressure 123>107; mkt_share≈42%
40,mobile,370.23,226.4,514.68,0.0,456,370,0,0.0,166,204,123,6,34296,32,18,14.5,106.58,48,24,102,54,15,27,52,22,26,960.0,480.0,2652.0,1404.0,1275.0,864.0,520.0,220.0,130.0,234.5,171.48,8910.98,218.3,314.5,259.0,92.5,229.4,255.3,1369.0,162.8,162.8,117.0,53.6,663.0,379.08,105.09,268.65,1151.55,98.51,105,360.0,0,12.32,71.31,4065.38,3425.38,130463.75,0,Peak night pressure 123>107; mkt_share≈42%
41,mobile,371.3,227.62,515.36,0.0,456,371,0,0.0,167,204,123,6,34494,32,18,14.5,106.58,48,24,103,54,15,27,52,22,26,960.0,480.0,2678.0,1404.0,1275.0,864.0,520.0,220.0,130.0,234.5,172.47,8937.97,218.89,315.35,259.7,92.75,230.02,255.99,1372.7,163.24,163.24,117.75,53.6,669.5,379.08,105.09,268.65,1151.55,98.56,105,360.0,0,12.32,72.85,4080.93,3440.93,134544.68,0,Peak night pressure 123>107; mkt_share≈42%
42,mobile,372.25,228.73,515.95,0.0,456,372,0,0.0,167,205,123,6,34683,32,18,14.5,106.58,48,24,103,54,15,27,52,23,26,960.0,480.0,2678.0,1404.0,1275.0,864.0,520.0,230.0,130.0,234.5,173.42,8948.92,219.48,316.2,260.4,93.0,230.64,256.68,1376.4,163.68,163.68,117.75,53.6,669.5,379.08,105.34,268.65,1151.55,98.61,105,360.0,0,12.88,74.37,4086.88,3446.88,138631.55,0,Peak night pressure 123>107; mkt_share≈42%
43,mobile,373.1,229.75,516.47,0.0,456,373,0,0.0,168,205,123,6,34865,32,18,14.5,106.58,49,24,103,55,15,27,52,22,26,980.0,480.0,2678.0,1430.0,1275.0,864.0,520.0,220.0,130.0,234.5,174.33,8985.83,220.07,317.05,261.1,93.25,231.26,257.37,1380.1,164.12,164.12,118.5,53.6,669.5,386.1,105.59,268.65,1151.55,98.65,105,360.0,0,12.32,75.86,4112.15,3472.15,142743.7,0,Peak night pressure 123>107; mkt_share≈42%
44,mobile,373.86,230.68,516.92,0.0,456,374,0,0.0,168,206,123,6,35040,32,18,14.5,106.58,49,24,103,55,15,27,52,23,26,980.0,480.0,2678.0,1430.0,1275.0,864.0,520.0,230.0,130.0,234.5,175.2,8996.7,220.66,317.9,261.8,93.5,231.88,258.06,1383.8,164.56,164.56,118.5,53.6,669.5,386.1,105.84,268.65,1151.55,98.69,105,360.0,0,12.88,77.34,4118.03,3478.03,146861.73,0,Peak night pressure 123>107; mkt_share≈42%
45,mobile,374.53,231.53,517.31,0.0,456,375,0,0.0,169,206,123,6,35210,32,18,14.5,106.58,49,24,103,55,15,27,53,23,26,980.0,480.0,2678.0,1430.0,1275.0,864.0,530.0,230.0,130.0,238.0,176.05,9011.05,221.25,318.75,262.5,93.75,232.5,258.75,1387.5,165.0,165.0,118.5,54.4,669.5,386.1,106.17,268.65,1151.55,98.73,105,360.0,0,12.88,78.79,4127.07,3487.07,150988.8,0,Peak night pressure 123>107; mkt_share≈42%
46,mobile,375.14,232.31,517.66,0.0,456,375,0,0.0,169,206,123,6,35374,32,18,14.5,106.58,49,24,103,55,15,27,53,23,26,980.0,480.0,2678.0,1430.0,1275.0,864.0,530.0,230.0,130.0,238.0,176.87,9011.87,221.25,318.75,262.5,93.75,232.5,258.75,1387.5,165.0,165.0,118.5,54.4,669.5,386.1,106.18,268.65,1151.55,98.76,105,360.0,0,12.88,80.22,4127.85,3487.85,155116.65,0,Peak night pressure 123>107; mkt_share≈42%
47,mobile,375.68,233.01,517.96,0.0,456,376,0,0.0,169,207,123,6,35533,32,18,14.5,106.58,49,24,104,55,15,27,53,23,26,980.0,480.0,2704.0,1430.0,1275.0,864.0,530.0,230.0,130.0,238.0,177.67,9038.67,221.84,319.6,263.2,94.0,233.12,259.44,1391.2,165.44,165.44,119.25,54.4,676.0,386.1,106.18,268.65,1151.55,98.78,105,360.0,0,12.88,81.62,4143.24,3503.24,159259.89,0,Peak night pressure 123>107; mkt_share≈42%
48,mobile,376.16,233.66,518.22,0.0,456,376,0,0.0,169,207,123,6,35688,32,18,14.5,106.58,49,24,104,55,15,27,53,23,26,980.0,480.0,2704.0,1430.0,1275.0,864.0,530.0,230.0,130.0,238.0,178.44,9039.44,221.84,319.6,263.2,94.0,233.12,259.44,1391.2,165.44,165.44,119.25,54.4,676.0,386.1,106.18,268.65,1151.55,98.81,105,360.0,0,12.88,83.0,4143.98,3503.98,163403.87,0,Peak night pressure 123>107; mkt_share≈42%
49,mobile,376.58,234.24,518.45,0.0,456,377,0,0.0,170,207,123,6,35839,32,18,14.5,106.58,49,24,104,55,15,28,53,23,26,980.0,480.0,2704.0,1430.0,1275.0,896.0,530.0,230.0,130.0,238.0,179.2,9072.2,222.43,320.45,263.9,94.25,233.74,260.13,1394.9,165.88,165.88,119.25,54.4,676.0,386.1,106.98,278.6,1151.55,98.83,105,360.0,0,12.88,84.35,4161.83,3521.83,167565.7,0,Peak night pressure 123>107; mkt_share≈42%
50,mobile,376.96,234.78,518.65,0.0,456,377,0,0.0,170,207,123,6,35987,32,18,14.5,106.58,49,24,104,55,15,28,53,23,26,980.0,480.0,2704.0,1430.0,1275.0,896.0,530.0,230.0,130.0,238.0,179.93,9072.93,222.43,320.45,263.9,94.25,233.74,260.13,1394.9,165.88,165.88,119.25,54.4,676.0,386.1,106.98,278.6,1151.55,98.85,105,360.0,0,12.88,85.68,4162.54,3522.54,171728.24,0,Peak night pressure 123>107; mkt_share≈42%
51,mobile,377.3,235.26,518.82,0.0,456,377,0,0.0,170,207,123,6,36132,32,18,14.5,106.58,49,24,104,55,15,28,53,23,26,980.0,480.0,2704.0,1430.0,1275.0,896.0,530.0,230.0,130.0,238.0,180.66,9073.66,222.43,320.45,263.9,94.25,233.74,260.13,1394.9,165.88,165.88,119.25,54.4,676.0,386.1,106.98,278.6,1151.55,98.87,105,360.0,0,12.88,86.98,4163.25,3523.25,175891.5,0,Peak night pressure 123>107; mkt_share≈42%
52,mobile,377.6,235.7,518.97,0.0,456,378,0,0.0,170,208,123,6,36273,32,18,14.5,106.58,49,25,104,55,15,28,53,23,26,980.0,500.0,2704.0,1430.0,1275.0,896.0,530.0,230.0,130.0,238.0,181.37,9094.37,223.02,321.3,264.6,94.5,234.36,260.82,1398.6,166.32,166.32,119.25,54.4,676.0,386.1,106.98,278.6,1151.55,98.88,105,360.0,0,12.88,88.27,4179.81,3539.81,180071.31,0,Peak night pressure 123>107; mkt_share≈42%
1,mobile,480.0,220.0,720.0,0.0,650,480,0,0.0,216,264,192,7,37620,35.0,50,14.0,210.0,56,38,179,94,24,33,3,19,34,1120.0,760.0,4654.0,2444.0,2040.0,1056.0,30.0,190.0,170.0,0.0,98.75,12562.75,283.2,408.0,336.0,120.0,297.6,331.2,1776.0,211.2,211.2,204.75,0.0,1163.5,659.88,115.15,328.35,1842.48,1200.0,105,1000.0,0,10.64,3.84,3945.8,3245.8,3945.8,0,DROP LAUNCH — Jordan/iPhone front-load; marketplace-heavy; Drop pulse; ads $1200; mkt_share≈57%
2,mobile,422.4,193.6,633.6,0.0,650,422,0,0.0,190,232,169,7,33540,35.0,50,14.0,210.0,50,33,155,82,20,29,6,17,30,1000.0,660.0,4030.0,2132.0,1700.0,928.0,60.0,170.0,150.0,0.0,92.23,10922.23,248.98,358.7,295.4,105.5,261.64,291.18,1561.4,185.68,185.68,177.75,0.0,1007.5,575.64,100.2,288.55,1535.4,900.0,105,1000.0,0,9.52,7.14,3475.59,2775.59,7421.39,0,Drop pulse; ads $900; mkt_share≈56%
3,mobile,336.0,154.0,504.0,0.0,650,336,0,0.0,151,185,134,7,27360,35.0,50,14.0,210.0,40,26,122,64,16,23,8,14,23,800.0,520.0,3172.0,1664.0,1360.0,736.0,80.0,140.0,115.0,0.0,78.66,8665.66,198.24,285.6,235.2,84.0,208.32,231.84,1243.2,147.84,147.84,139.5,0.0,793.0,449.28,80.78,228.85,1228.32,600.0,105,1000.0,0,7.84,9.68,2642.05,1942.05,10063.44,0,Drop pulse; ads $600; mkt_share≈55%
4,mobile,249.6,114.4,374.4,0.0,650,250,0,0.0,112,138,100,7,21180,35.0,50,14.0,210.0,29,19,89,47,12,17,9,11,17,580.0,380.0,2314.0,1222.0,1020.0,544.0,90.0,110.0,85.0,0.0,63.54,6408.54,147.5,212.5,175.0,62.5,155.0,172.5,925.0,110.0,110.0,102.0,0.0,578.5,329.94,60.73,169.15,921.24,400.0,105,1000.0,0,6.16,11.49,1700.82,1000.82,11764.26,0,Drop pulse; ads $400; mkt_share≈54%
5,mobile,250.86,132.9,380.5,0.0,476,251,0,0.0,113,138,100,7,21392,28.0,28,13.0,105.3,30,19,88,46,12,17,11,11,17,600.0,380.0,2288.0,1196.0,1020.0,544.0,110.0,110.0,85.0,0.0,66.85,6399.85,148.09,213.35,175.7,62.75,155.62,173.19,928.7,110.44,110.44,100.5,0.0,572.0,322.92,61.73,169.15,921.24,92.54,105,560.0,0,6.16,13.27,2449.47,1889.47,14213.73,0,Post-drop hype tail; habit floor building; mkt_share≈53%
6,mobile,243.62,130.13,371.38,0.0,476,244,0,0.0,110,134,98,7,20984,28.2,28,13.07,105.91,29,18,84,45,11,17,12,11,17,580.0,360.0,2184.0,1170.0,935.0,544.0,120.0,110.0,85.0,0.0,68.2,6156.2,143.96,207.4,170.8,61.0,151.28,168.36,902.8,107.36,107.36,96.75,0.0,546.0,315.9,59.35,169.15,844.47,92.18,105,560.0,0,6.16,14.96,2351.08,1787.08,16564.81,0,habit+LIVE+marketplace retention; mkt_share≈53%
7,mobile,239.43,128.77,366.73,0.0,476,239,0,0.0,108,131,96,7,20798,28.4,28,13.15,106.52,28,18,82,43,11,16,13,11,17,560.0,360.0,2132.0,1118.0,935.0,512.0,130.0,110.0,85.0,0.0,70.19,6012.19,141.01,203.15,167.3,59.75,148.18,164.91,884.3,105.16,105.16,93.75,0.0,533.0,301.86,58.3,159.2,844.47,91.97,105,560.0,0,6.16,16.57,2269.02,1701.02,18833.82,0,habit+LIVE+marketplace retention; mkt_share≈52%
8,location,237.79,128.62,365.72,0.0,500.0,238,0,0.0,107,131,95,7,20799,35.0,40.0,14.0,220.0,33,11,86,39,9,18,14,11,17,660.0,220.0,2236.0,1014.0,765.0,576.0,140.0,110.0,85.0,150.5,72.8,6029.3,140.42,202.3,166.6,59.5,147.56,164.22,880.6,119.0,119.0,93.75,34.4,559.0,273.78,62.16,179.1,690.93,131.89,120.07,800.0,900.69,6.16,18.14,1177.77,477.77,20011.59,1,LEASE GATE demand≥160×8+cash≥$11700; mkt_share≈53%
9,location,238.28,129.48,367.66,0.0,540.0,238,0,0.0,107,131,95,6,20954,35.0,43.0,14.15,238.0,33,11,85,39,8,18,16,11,17,660.0,220.0,2210.0,1014.0,680.0,576.0,160.0,110.0,85.0,150.5,75.96,5941.46,140.42,202.3,166.6,59.5,147.56,164.22,880.6,119.0,119.0,93.0,34.4,552.5,273.78,60.54,179.1,614.16,131.91,120.07,860.0,900.69,6.16,19.68,1115.54,415.54,21127.14,1,habit+LIVE+marketplace retention; mkt_share≈52%
10,location,240.5,131.19,371.92,0.0,580.0,241,0,0.0,108,133,96,6,21237,35.0,46.0,14.3,256.0,33,11,85,39,9,19,17,11,17,660.0,220.0,2210.0,1014.0,765.0,608.0,170.0,110.0,85.0,150.5,79.64,6072.14,142.19,204.85,168.7,60.25,149.42,166.29,891.7,120.5,120.5,93.0,34.4,552.5,273.78,63.71,189.05,690.93,132.03,120.07,920.0,900.69,6.16,21.22,1083.62,383.62,22210.76,1,habit+LIVE+marketplace retention; mkt_share≈51%
11,location,244.14,133.6,377.94,0.0,620.0,244,0,0.0,110,134,98,6,21622,35.0,49.0,14.45,274.0,34,11,85,39,9,19,18,12,17,680.0,220.0,2210.0,1014.0,765.0,608.0,180.0,120.0,85.0,154.0,83.78,6119.78,143.96,207.4,170.8,61.0,151.28,168.36,902.8,122.0,122.0,93.0,35.2,552.5,273.78,64.8,189.05,690.93,132.21,120.07,980.0,900.69,6.72,22.74,1056.03,356.03,23266.79,1,habit+LIVE+marketplace retention; mkt_share≈51%
12,location,248.88,136.59,385.24,0.0,660.0,249,0,0.0,112,137,100,6,22087,35.0,52.0,14.6,292.0,35,11,86,40,9,20,19,12,17,700.0,220.0,2236.0,1040.0,765.0,640.0,190.0,120.0,85.0,157.5,88.35,6241.85,146.91,211.65,174.3,62.25,154.38,171.81,921.3,124.5,124.5,94.5,36.0,559.0,280.8,66.44,199.0,690.93,132.44,120.07,1040.0,900.69,6.72,24.28,1069.45,369.45,24336.24,1,habit+LIVE+marketplace retention; mkt_share≈51%
13,location,254.47,140.03,393.4,0.0,700.0,254,0,0.0,114,140,102,6,22615,35.0,55.0,14.75,310.0,35,11,87,40,9,20,21,13,18,700.0,220.0,2262.0,1040.0,765.0,640.0,210.0,130.0,90.0,161.0,93.29,6311.29,149.86,215.9,177.8,63.5,157.48,175.26,939.8,127.0,127.0,95.25,36.8,565.5,280.8,67.4,199.0,690.93,132.72,120.07,1100.0,900.69,7.28,25.83,1048.04,348.04,25384.29,1,habit+LIVE+marketplace retention; mkt_share≈50%
14,location,260.67,143.84,402.1,0.0,740.0,261,0,0.0,117,144,104,6,23187,35.0,58.0,14.9,328.0,37,11,89,41,9,21,22,13,18,740.0,220.0,2314.0,1066.0,765.0,672.0,220.0,130.0,90.0,164.5,98.55,6480.05,153.99,221.85,182.7,65.25,161.82,180.09,965.7,130.5,130.5,97.5,37.6,578.5,287.82,69.54,208.95,690.93,133.03,120.07,1160.0,900.69,7.28,27.4,1091.93,391.93,26476.22,1,habit+LIVE+marketplace retention; mkt_share≈50%
15,location,267.3,147.93,411.02,0.0,780.0,267,0,0.0,120,147,107,6,23790,35.0,61.0,15.05,346.0,37,12,90,42,9,21,23,14,19,740.0,240.0,2340.0,1092.0,765.0,672.0,230.0,140.0,95.0,168.0,104.08,6586.08,157.53,226.95,186.9,66.75,165.54,184.23,987.9,133.5,133.5,99.0,38.4,585.0,294.84,70.25,208.95,690.93,133.36,120.07,1220.0,900.69,7.84,28.99,1095.34,395.34,27571.57,1,habit+LIVE+marketplace retention; mkt_share≈49%
16,location,274.17,152.2,419.94,0.0,820.0,274,0,0.0,123,151,110,6,24412,35.0,64.0,15.2,364.0,39,12,92,43,9,22,24,14,19,780.0,240.0,2392.0,1118.0,765.0,704.0,240.0,140.0,95.0,171.5,109.85,6755.35,161.66,232.9,191.8,68.5,169.88,189.06,1013.8,137.0,137.0,101.25,39.2,598.0,301.86,72.39,218.9,690.93,133.71,120.07,1280.0,900.69,7.84,30.6,1139.71,439.71,28711.28,1,habit+LIVE+marketplace retention; mkt_share≈49%
17,location,281.14,156.6,428.68,0.0,860.0,281,0,0.0,126,155,112,6,25040,35.0,67.0,15.35,382.0,40,12,93,43,10,22,26,15,20,800.0,240.0,2418.0,1118.0,850.0,704.0,260.0,150.0,100.0,178.5,115.81,6934.31,165.79,238.85,196.7,70.25,174.22,193.89,1039.7,140.5,140.5,102.0,40.8,604.5,301.86,76.06,218.9,767.7,134.06,120.07,1340.0,900.69,8.4,32.24,1139.07,439.07,29850.35,1,habit+LIVE+marketplace retention; mkt_share≈48%
18,location,288.1,161.06,437.1,0.0,900,288,0,0.0,130,158,115,6,25667,35.0,70,15.5,400,41,13,95,44,10,23,27,15,20,820.0,260.0,2470.0,1144.0,850.0,736.0,270.0,150.0,100.0,182.0,121.92,7103.92,169.92,244.8,201.6,72.0,178.56,198.72,1065.6,144.0,144.0,104.25,41.6,617.5,308.88,77.7,228.85,767.7,134.4,120.07,1400.0,900.69,8.4,33.89,1184.27,484.27,31034.62,1,habit+LIVE+marketplace retention; mkt_share≈48%
19,location,294.94,165.53,445.1,0.0,900,295,0,0.0,133,162,118,6,26286,35.0,70,15.5,400,42,13,97,45,10,23,28,16,21,840.0,260.0,2522.0,1170.0,850.0,736.0,280.0,160.0,105.0,185.5,128.14,7236.64,174.05,250.75,206.5,73.75,182.9,203.55,1091.5,147.5,147.5,106.5,42.4,630.5,315.9,78.91,228.85,767.7,134.75,120.07,1400.0,900.69,8.96,35.58,1262.41,562.41,32297.03,1,habit+LIVE+marketplace retention; mkt_share≈48%
20,location,301.58,169.97,452.62,0.0,900,302,0,0.0,136,166,121,6,26890,35.0,70,15.5,400,43,13,98,46,10,24,30,17,21,860.0,260.0,2548.0,1196.0,850.0,768.0,300.0,170.0,105.0,189.0,134.45,7380.45,178.18,256.7,211.4,75.5,187.24,208.38,1117.4,151.0,151.0,108.0,43.2,637.0,322.92,81.05,238.8,767.7,135.08,120.07,1400.0,900.69,9.52,37.28,1348.02,648.02,33645.05,1,habit+LIVE+marketplace retention; mkt_share≈48%
21,location,307.96,174.33,459.61,0.0,900,308,0,0.0,139,169,123,6,27476,35.0,70,15.5,400,44,13,99,47,10,25,31,17,22,880.0,260.0,2574.0,1222.0,850.0,800.0,310.0,170.0,110.0,192.5,137.38,7505.88,181.72,261.8,215.6,77.0,190.96,212.52,1139.6,154.0,154.0,109.5,44.0,643.5,329.94,82.81,248.75,767.7,135.4,120.07,1400.0,900.69,9.52,39.0,1420.4,720.4,35065.45,1,habit+LIVE+marketplace retention; mkt_share≈47%
22,location,314.05,178.59,466.05,0.0,900,314,0,0.0,141,173,126,6,28039,35.0,70,15.5,400,45,13,101,47,10,25,33,18,22,900.0,260.0,2626.0,1222.0,850.0,800.0,330.0,180.0,110.0,199.5,140.2,7617.7,185.26,266.9,219.8,78.5,194.68,216.66,1161.8,157.0,157.0,111.0,45.6,656.5,329.94,84.24,248.75,767.7,135.7,120.07,1400.0,900.69,10.08,40.73,1488.63,788.63,36554.08,1,habit+LIVE+marketplace retention; mkt_share≈47%
23,location,319.8,182.71,471.95,0.0,900,320,0,0.0,144,176,128,6,28579,35.0,70,15.5,400,46,13,102,48,11,26,34,18,22,920.0,260.0,2652.0,1248.0,935.0,832.0,340.0,180.0,110.0,203.0,142.89,7822.89,188.8,272.0,224.0,80.0,198.4,220.8,1184.0,160.0,160.0,112.5,46.4,663.0,336.96,88.0,258.7,844.47,135.99,120.07,1400.0,900.69,10.08,42.48,1562.03,862.03,38116.1,1,habit+LIVE+marketplace retention; mkt_share≈47%
24,location,325.2,186.69,477.31,0.0,900,325,0,0.0,146,179,130,6,29093,35.0,70,15.5,400,47,13,103,48,11,26,35,19,23,940.0,260.0,2678.0,1248.0,935.0,832.0,350.0,190.0,115.0,203.0,145.46,7896.46,191.75,276.25,227.5,81.25,201.5,224.25,1202.5,162.5,162.5,113.25,46.4,669.5,336.96,89.12,258.7,844.47,136.26,120.07,1400.0,900.69,10.64,44.23,1605.4,905.4,39721.5,1,habit+LIVE+marketplace retention; mkt_share≈46%
25,location,330.24,190.5,482.17,0.0,900,330,0,0.0,148,182,132,6,29580,35.0,70,15.5,400,48,13,103,49,11,27,37,19,23,960.0,260.0,2678.0,1274.0,935.0,864.0,370.0,190.0,115.0,206.5,147.9,8000.4,194.7,280.5,231.0,82.5,204.6,227.7,1221.0,165.0,165.0,114.0,47.2,669.5,343.98,91.01,268.65,844.47,136.51,120.07,1400.0,900.69,10.64,45.98,1667.68,967.68,41389.18,1,habit+LIVE+marketplace retention; mkt_share≈46%
26,location,334.92,194.13,486.54,0.0,900,335,0,0.0,151,184,134,6,30041,35.0,70,15.5,400,49,14,104,49,11,27,38,20,23,980.0,280.0,2704.0,1274.0,935.0,864.0,380.0,200.0,115.0,210.0,150.21,8092.21,197.65,284.75,234.5,83.75,207.7,231.15,1239.5,167.5,167.5,114.75,48.0,676.0,343.98,92.1,268.65,844.47,136.75,120.07,1400.0,900.69,11.2,47.74,1728.55,1028.55,43117.73,1,habit+LIVE+marketplace retention; mkt_share≈46%
27,location,339.25,197.58,490.46,0.0,900,339,0,0.0,153,186,136,6,30477,35.0,70,15.5,400,49,14,104,49,11,28,40,20,24,980.0,280.0,2704.0,1274.0,935.0,896.0,400.0,200.0,120.0,213.5,152.38,8154.88,200.01,288.15,237.3,84.75,210.18,233.91,1254.3,169.5,169.5,114.75,48.8,676.0,343.98,93.61,278.6,844.47,136.96,120.07,1400.0,900.69,11.2,49.5,1761.95,1061.95,44879.67,1,habit+LIVE+marketplace retention; mkt_share≈45%
28,location,343.22,200.84,493.96,0.0,900,343,0,0.0,154,189,137,6,30887,35.0,70,15.5,400,50,14,105,50,11,28,41,20,24,1000.0,280.0,2730.0,1300.0,935.0,896.0,410.0,200.0,120.0,217.0,154.43,8242.43,202.37,291.55,240.1,85.75,212.66,236.67,1269.1,171.5,171.5,116.25,49.6,682.5,351.0,94.45,278.6,844.47,137.16,120.07,1400.0,900.69,11.2,51.25,1815.84,1115.84,46695.51,1,habit+LIVE+marketplace retention; mkt_share≈45%
29,location,346.87,203.9,497.08,0.0,900,347,0,0.0,156,191,139,6,31272,35.0,70,15.5,400,50,14,106,50,11,28,43,21,24,1000.0,280.0,2756.0,1300.0,935.0,896.0,430.0,210.0,120.0,217.0,156.36,8300.36,204.73,294.95,242.9,86.75,215.14,239.43,1283.9,173.5,173.5,117.0,49.6,689.0,351.0,95.2,278.6,844.47,137.34,120.07,1400.0,900.69,11.76,53.01,1848.22,1148.22,48543.74,1,habit+LIVE+marketplace retention; mkt_share≈45%
30,location,350.2,206.78,499.85,0.0,900,350,0,0.0,157,193,140,6,31635,35.0,70,15.5,400,50,14,107,50,11,28,44,21,25,1000.0,280.0,2782.0,1300.0,935.0,896.0,440.0,210.0,125.0,220.5,158.18,8346.68,206.5,297.5,245.0,87.5,217.0,241.5,1295.0,175.0,175.0,117.75,50.4,695.5,351.0,95.66,278.6,844.47,137.51,120.07,1400.0,900.69,11.76,54.75,1873.27,1173.27,50417.0,1,habit+LIVE+marketplace retention; mkt_share≈45%
31,location,353.23,209.47,502.31,0.0,900,353,0,0.0,159,194,141,6,31976,35.0,70,15.5,400,51,14,107,51,11,28,45,21,25,1020.0,280.0,2782.0,1326.0,935.0,896.0,450.0,210.0,125.0,224.0,159.88,8407.88,208.27,300.05,247.1,88.25,218.86,243.57,1306.1,176.5,176.5,118.5,51.2,695.5,358.02,96.5,278.6,844.47,137.66,120.07,1400.0,900.69,11.76,56.47,1912.31,1212.31,52329.31,1,habit+LIVE+marketplace retention; mkt_share≈45%
32,location,355.98,211.98,504.48,0.0,900,356,0,0.0,160,196,142,6,32297,35.0,70,15.5,400,51,14,108,51,11,28,47,21,25,1020.0,280.0,2808.0,1326.0,935.0,896.0,470.0,210.0,125.0,224.0,161.48,8455.48,210.04,302.6,249.2,89.0,220.72,245.64,1317.2,178.0,178.0,119.25,51.2,702.0,358.02,97.0,278.6,844.47,137.8,120.07,1400.0,900.69,11.76,58.19,1939.42,1239.42,54268.73,1,habit+LIVE+marketplace retention; mkt_share≈45%
33,location,358.47,214.32,506.4,0.0,900,358,0,0.0,161,197,143,6,32599,35.0,70,15.5,400,51,14,108,51,11,28,48,22,25,1020.0,280.0,2808.0,1326.0,935.0,896.0,480.0,220.0,125.0,224.0,162.99,8476.99,211.22,304.3,250.6,89.5,221.96,247.02,1324.6,179.0,179.0,119.25,51.2,702.0,358.02,97.5,278.6,844.47,137.92,120.07,1400.0,900.69,12.32,59.89,1951.34,1251.34,56220.07,1,habit+LIVE+marketplace retention; mkt_share≈44%
34,location,360.73,216.48,508.09,0.0,900,361,0,0.0,162,199,144,6,32883,35.0,70,15.5,400,51,14,108,51,12,29,49,22,25,1020.0,280.0,2808.0,1326.0,1020.0,928.0,490.0,220.0,125.0,227.5,164.42,8608.92,212.99,306.85,252.7,90.25,223.82,249.09,1335.7,180.5,180.5,119.25,52.0,702.0,358.02,100.76,288.55,921.24,138.04,120.07,1400.0,900.69,12.32,61.58,1979.78,1279.78,58199.85,1,habit+LIVE+marketplace retention; mkt_share≈44%
35,location,362.76,218.49,509.57,0.0,900,363,0,0.0,163,200,145,6,33151,35.0,70,15.5,400,51,14,108,51,11,29,51,22,26,1020.0,280.0,2808.0,1326.0,935.0,928.0,510.0,220.0,130.0,227.5,165.76,8550.26,214.17,308.55,254.1,90.75,225.06,250.47,1343.1,181.5,181.5,119.25,52.0,702.0,358.02,99.26,288.55,844.47,138.14,120.07,1400.0,900.69,12.32,63.26,1990.89,1290.89,60190.74,1,habit+LIVE+marketplace retention; mkt_share≈44%
36,location,364.59,220.34,510.88,0.0,900,365,0,0.0,164,201,146,6,33405,35.0,70,15.5,400,52,14,109,52,11,29,51,22,25,1040.0,280.0,2834.0,1352.0,935.0,928.0,510.0,220.0,125.0,231.0,167.02,8622.02,215.35,310.25,255.5,91.25,226.3,251.85,1350.5,182.5,182.5,120.75,52.8,708.5,365.04,99.73,288.55,844.47,138.23,120.07,1400.0,900.69,12.32,64.91,2037.87,1337.87,62228.61,1,habit+LIVE+marketplace retention; mkt_share≈44%
37,location,366.24,222.05,512.02,0.0,900,366,0,0.0,165,201,146,6,33645,35.0,70,15.5,400,52,14,109,52,11,29,51,22,26,1040.0,280.0,2834.0,1352.0,935.0,928.0,510.0,220.0,130.0,231.0,168.22,8628.22,215.94,311.1,256.2,91.5,226.92,252.54,1354.2,183.0,183.0,120.75,52.8,708.5,365.04,99.85,288.55,844.47,138.31,120.07,1400.0,900.69,12.32,66.54,2039.67,1339.67,64268.28,1,habit+LIVE+marketplace retention; mkt_share≈44%
38,location,367.72,223.62,513.03,0.0,900,368,0,0.0,166,202,147,6,33873,35.0,70,15.5,400,52,14,110,52,12,29,51,22,26,1040.0,280.0,2860.0,1352.0,1020.0,928.0,510.0,220.0,130.0,231.0,169.36,8740.36,217.12,312.8,257.6,92.0,228.16,253.92,1361.6,184.0,184.0,121.5,52.8,715.0,365.04,101.98,288.55,921.24,138.39,120.07,1400.0,900.69,12.32,68.15,2057.18,1357.18,66325.46,1,habit+LIVE+marketplace retention; mkt_share≈44%
39,location,369.05,225.07,513.91,0.0,900,369,0,0.0,166,203,148,6,34090,35.0,70,15.5,400,52,14,110,52,12,29,52,22,26,1040.0,280.0,2860.0,1352.0,1020.0,928.0,520.0,220.0,130.0,231.0,170.45,8751.45,217.71,313.65,258.3,92.25,228.78,254.61,1365.3,184.5,184.5,121.5,52.8,715.0,365.04,102.23,288.55,921.24,138.45,120.07,1400.0,900.69,12.32,69.74,2063.76,1363.76,68389.22,1,habit+LIVE+marketplace retention; mkt_share≈44%
40,location,370.23,226.4,514.68,0.0,900,370,0,0.0,166,204,148,6,34296,35.0,70,15.5,400,52,15,110,52,12,29,52,22,26,1040.0,300.0,2860.0,1352.0,1020.0,928.0,520.0,220.0,130.0,234.5,171.48,8775.98,218.3,314.5,259.0,92.5,229.4,255.3,1369.0,185.0,185.0,121.5,53.6,715.0,365.04,102.31,288.55,921.24,138.51,120.07,1400.0,900.69,12.32,71.31,2083.15,1383.15,70472.36,1,habit+LIVE+marketplace retention; mkt_share≈44%
41,location,371.3,227.62,515.36,0.0,900,371,0,0.0,167,204,148,6,34494,35.0,70,15.5,400,52,15,111,52,12,29,52,22,26,1040.0,300.0,2886.0,1352.0,1020.0,928.0,520.0,220.0,130.0,234.5,172.47,8802.97,218.89,315.35,259.7,92.75,230.02,255.99,1372.7,185.5,185.5,122.25,53.6,721.5,365.04,102.31,288.55,921.24,138.56,120.07,1400.0,900.69,12.32,72.85,2098.63,1398.63,72571.0,1,habit+LIVE+marketplace retention; mkt_share≈44%
42,location,372.25,228.73,515.95,0.0,900,372,0,0.0,167,205,149,6,34683,35.0,70,15.5,400,53,15,111,52,12,29,52,22,26,1060.0,300.0,2886.0,1352.0,1020.0,928.0,520.0,220.0,130.0,234.5,173.42,8823.92,219.48,316.2,260.4,93.0,230.64,256.68,1376.4,186.0,186.0,122.25,53.6,721.5,365.04,102.81,288.55,921.24,138.61,120.07,1400.0,900.69,12.32,74.37,2114.84,1414.84,74685.83,1,habit+LIVE+marketplace retention; mkt_share≈44%
43,location,373.1,229.75,516.47,0.0,900,373,0,0.0,168,205,149,6,34865,35.0,70,15.5,400,53,15,111,53,12,29,52,22,26,1060.0,300.0,2886.0,1378.0,1020.0,928.0,520.0,220.0,130.0,234.5,174.33,8850.83,220.07,317.05,261.1,93.25,231.26,257.37,1380.1,186.5,186.5,123.0,53.6,721.5,372.06,102.81,288.55,921.24,138.65,120.07,1400.0,900.69,12.32,75.86,2129.73,1429.73,76815.56,1,habit+LIVE+marketplace retention; mkt_share≈44%
44,location,373.86,230.68,516.92,0.0,900,374,0,0.0,168,206,150,6,35040,35.0,70,15.5,400,53,15,112,53,12,29,52,22,26,1060.0,300.0,2912.0,1378.0,1020.0,928.0,520.0,220.0,130.0,234.5,175.2,8877.7,220.66,317.9,261.8,93.5,231.88,258.06,1383.8,187.0,187.0,123.75,53.6,728.0,372.06,102.81,288.55,921.24,138.69,120.07,1400.0,900.69,12.32,77.34,2145.12,1445.12,78960.68,1,habit+LIVE+marketplace retention; mkt_share≈44%
45,location,374.53,231.53,517.31,0.0,900,375,0,0.0,169,206,150,6,35210,35.0,70,15.5,400,53,15,112,53,12,29,53,22,26,1060.0,300.0,2912.0,1378.0,1020.0,928.0,530.0,220.0,130.0,238.0,176.05,8892.05,221.25,318.75,262.5,93.75,232.5,258.75,1387.5,187.5,187.5,123.75,54.4,728.0,372.06,103.15,288.55,921.24,138.73,120.07,1400.0,900.69,12.32,78.79,2154.09,1454.09,81114.77,1,habit+LIVE+marketplace retention; mkt_share≈44%
46,location,375.14,232.31,517.66,0.0,900,375,0,0.0,169,206,150,6,35374,35.0,70,15.5,400,53,15,112,53,12,29,53,22,26,1060.0,300.0,2912.0,1378.0,1020.0,928.0,530.0,220.0,130.0,238.0,176.87,8892.87,221.25,318.75,262.5,93.75,232.5,258.75,1387.5,187.5,187.5,123.75,54.4,728.0,372.06,103.15,288.55,921.24,138.76,120.07,1400.0,900.69,12.32,80.22,2154.88,1454.88,83269.65,1,habit+LIVE+marketplace retention; mkt_share≈44%
47,location,375.68,233.01,517.96,0.0,900,376,0,0.0,169,207,150,6,35533,35.0,70,15.5,400,53,15,112,53,12,29,53,23,26,1060.0,300.0,2912.0,1378.0,1020.0,928.0,530.0,230.0,130.0,238.0,177.67,8903.67,221.84,319.6,263.2,94.0,233.12,259.44,1391.2,188.0,188.0,123.75,54.4,728.0,372.06,103.4,288.55,921.24,138.78,120.07,1400.0,900.69,12.88,81.62,2160.64,1460.64,85430.29,1,habit+LIVE+marketplace retention; mkt_share≈44%
48,location,376.16,233.66,518.22,0.0,900,376,0,0.0,169,207,150,6,35688,35.0,70,15.5,400,53,15,112,53,12,29,53,23,26,1060.0,300.0,2912.0,1378.0,1020.0,928.0,530.0,230.0,130.0,238.0,178.44,8904.44,221.84,319.6,263.2,94.0,233.12,259.44,1391.2,188.0,188.0,123.75,54.4,728.0,372.06,103.4,288.55,921.24,138.81,120.07,1400.0,900.69,12.88,83.0,2161.39,1461.39,87591.68,1,habit+LIVE+marketplace retention; mkt_share≈44%
49,location,376.58,234.24,518.45,0.0,900,377,0,0.0,170,207,151,6,35839,35.0,70,15.5,400,53,15,112,53,12,30,53,23,26,1060.0,300.0,2912.0,1378.0,1020.0,960.0,530.0,230.0,130.0,238.0,179.2,8937.2,222.43,320.45,263.9,94.25,233.74,260.13,1394.9,188.5,188.5,123.75,54.4,728.0,372.06,104.2,298.5,921.24,138.83,120.07,1400.0,900.69,12.88,84.35,2179.18,1479.18,89770.86,1,habit+LIVE+marketplace retention; mkt_share≈44%
50,location,376.96,234.78,518.65,0.0,900,377,0,0.0,170,207,151,6,35987,35.0,70,15.5,400,53,15,112,53,12,30,53,23,26,1060.0,300.0,2912.0,1378.0,1020.0,960.0,530.0,230.0,130.0,238.0,179.93,8937.93,222.43,320.45,263.9,94.25,233.74,260.13,1394.9,188.5,188.5,123.75,54.4,728.0,372.06,104.2,298.5,921.24,138.85,120.07,1400.0,900.69,12.88,85.68,2179.89,1479.89,91950.75,1,habit+LIVE+marketplace retention; mkt_share≈44%
51,location,377.3,235.26,518.82,0.0,900,377,0,0.0,170,207,151,6,36132,35.0,70,15.5,400,53,15,112,53,12,30,53,23,26,1060.0,300.0,2912.0,1378.0,1020.0,960.0,530.0,230.0,130.0,238.0,180.66,8938.66,222.43,320.45,263.9,94.25,233.74,260.13,1394.9,188.5,188.5,123.75,54.4,728.0,372.06,104.2,298.5,921.24,138.87,120.07,1400.0,900.69,12.88,86.98,2180.6,1480.6,94131.36,1,habit+LIVE+marketplace retention; mkt_share≈44%
52,location,377.6,235.7,518.97,0.0,900,378,0,0.0,170,208,151,6,36273,35.0,70,15.5,400,53,15,113,53,12,30,53,23,26,1060.0,300.0,2938.0,1378.0,1020.0,960.0,530.0,230.0,130.0,238.0,181.37,8965.37,223.02,321.3,264.6,94.5,234.36,260.82,1398.6,189.0,189.0,124.5,54.4,734.5,372.06,104.2,298.5,921.24,138.88,120.07,1400.0,900.69,12.88,88.27,2195.85,1495.85,96327.2,1,habit+LIVE+marketplace retention; mkt_share≈44%
SUMMARY_month_1,mobile,362.8,,,,636.7,1570.8,0.0,,,,145.0,,,,,,,,,574.0,302.2,,,,,,,,,,,,,,,,,,926.79,,,,,,5812.07,,,,,,,,,,3130.54,,,,,,12572.59,9587.79,,,SUMMARY_month_1 ≈4.33wks from w1 · mobile. Illustrative. NOT financial advice.
SUMMARY_month_1,location_path,362.8,,,,636.7,1570.8,0.0,,,,145.0,,,,,,,,,574.0,302.2,,,,,,,,,,,,,,,,,,926.79,,,,,,5812.07,,,,,,,,,,3130.54,,,,,,12572.59,9587.79,,,SUMMARY_month_1 ≈4.33wks from w1 · location_path. Illustrative. NOT financial advice.
SUMMARY_month_3,mobile,243.8,,,,473.6,1055.8,0.0,,,,97.6,,,,,,,,,347.1,183.2,,,,,,,,,,,,,,,,,,622.93,,,,,,3906.53,,,,,,,,,,399.19,,,,,,10092.26,7568.9,,,SUMMARY_month_3 ≈4.33wks from w9 · mobile. Illustrative. NOT financial advice.
SUMMARY_month_3,location_path,243.8,,,,607.6,1055.8,0.0,,,,97.6,,,,,,,,,369.7,170.2,,,,,,,,,,,,,,,,,,622.93,,,,,,3906.53,,,,,,,,,,572.39,,,,,,4670.49,1639.49,,,SUMMARY_month_3 ≈4.33wks from w9 · location_path. Illustrative. NOT financial advice.
SUMMARY_month_6,mobile,328.4,,,,456.0,1421.9,0.0,,,,122.3,,,,,,,,,412.7,217.8,,,,,,,,,,,,,,,,,,838.9,,,,,,5260.92,,,,,,,,,,417.51,,,,,,15717.88,12958.68,,,SUMMARY_month_6 ≈4.33wks from w23 · mobile. Illustrative. NOT financial advice.
SUMMARY_month_6,location_path,328.4,,,,900.0,1421.9,0.0,,,,131.4,,,,,,,,,446.3,210.2,,,,,,,,,,,,,,,,,,838.9,,,,,,5260.92,,,,,,,,,,590.71,,,,,,7145.1,4114.1,,,SUMMARY_month_6 ≈4.33wks from w23 · location_path. Illustrative. NOT financial advice.
SUMMARY_month_12,mobile,377.1,,,,456.0,1509,0,,,,123.0,,,,,,,,,416,220,,,,,,,,,,,,,,,,,,890.31,,,,,,5583.3,,,,,,,,,,395.43,,,,,,16667.43,14107.43,,,SUMMARY_month_12 ≈4.33wks from w49 · mobile. Illustrative. NOT financial advice.
SUMMARY_month_12,location_path,377.1,,,,900.0,1509,0,,,,151.0,,,,,,,,,449,212,,,,,,,,,,,,,,,,,,890.31,,,,,,5583.3,,,,,,,,,,555.43,,,,,,8735.52,5935.52,,,SUMMARY_month_12 ≈4.33wks from w49 · location_path. Illustrative. NOT financial advice.
SUMMARY_week1_drop_launch,mobile,480.0,220.0,720.0,,,480,,,,,192,,,,,,,,,179,94,,,,,,,,,,,,,,,,,,283.2,,,,,,1776.0,,,,,,,,,,1200.0,,,,,,3945.8,,,,W1 drop fulfilled=480 peak=192 DD+GH=273 ads=$1200.0
SUMMARY_ads_weeks_1_4,mobile,,,,,,1488,,,,,,,,,,,,,,,,,,,,,,,,,,,,,,,,,,,,,,,,,,,,,,,,,3100.0,,,,,,,,,,Ads w1-4 $3100 → 1488 plates. CPA-ish $2.08/plate. Illustrative.
SUMMARY_lease_gate_week,location_path,,,,,,8,,,,,,,,,,,,,,,,,,,,,,,,,,,,,,,,,,,,,,,,,,,,,,,,,,,,,,,,,20011.59,1,Lease week=8. Gate demand≥160×8 + cash≥$11700.
SUMMARY_crossover_location_beats_mobile,compare,,,,,,,,,,,,,,,,,,,,,,,,,,,,,,,,,,,,,,,,,,,,,,,,,,,,,,,,,,,,,,,,,No crossover in 52 weeks.
SUMMARY_peak_capacity_bind_mobile,mobile,480.0,,,,650,1,0,,,,192,,,,,,,,,,,,,,,,,,,,,,,,,,,,,,,,,,,,,,,,,,,,,,,,,,,,,,Peak bind w1: latent=480.0 cap=650 lost=0
SUMMARY_per_plate_BOM,mid,,,,,,,,,,,,,,,,,,,,,,,,,,,,,,,,,,,,,,,0.59,0.85,0.7,0.25,0.62,0.69,3.7,0.44,,,,,,,,,,,,,,,,,,,BOM: chicken $0.59+greens $0.85+sweets $0.7+roll $0.25+oil/bread $0.62+yield $0.69=food $3.7; pack $0.44. From cogs-and-pricing.csv.
